Index,screen_name,count,classification,user_defined_location,class,mean,std_dev,points>100,ratio
1,Dpsairy,43,Resident,"New Delhi, India",1,1.55779047,12.06679155,1,7.576086957
2,poojaesthetic,36,Resident,"New Delhi, India",1,0.190017731,1.278398067,0,11.51851852
3,venkat_failure,36,Tourist,"Hyderabad, India",2,38.72110603,177.5206521,135,0.089371092
4,sohumsutras,36,Resident,new delhi,1,424.5182724,1942.69468,120,7.473988439
5,PairsonnalitesA,34,Resident,Asia | Australia - Pacific,2,924.5551613,2672.120321,21,0.625
6,praticram,33,Tourist,Delhi,1,73.09759839,270.6082896,84,0.043890866
7,WinsomeWears,31,Tourist,"AG04, Arcadia Market, Gurgaon",1,0.118822131,0.678476654,0,0
8,tmj_ide_jobs,29,Tourist,Delhi,1,8.525644751,14.96421419,0,0.043478261
9,sumitmalik603,28,Tourist,"New Delhi, India",1,25.21124606,176.1381554,2,49.5
10,tmj_ing_jobs,26,Tourist,"Gurgaon, India",1,1.385176439,6.925882196,0,0
11,Tapasdastnfl,26,Tourist,New Delhi,1,41.07885201,490.0715293,74,0.015631106
12,BALJINDER_TRBN_,26,Tourist,YamunaNagar Haryana,2,18.6782841,190.3972991,30,0.016488846
13,thevirat1993,21,Tourist,Kanpur Uttar Pradesh,2,79.12444028,628.1093338,155,0
14,Umeshsonprabhat,16,Tourist,"babhni Uttar Pradesh, India",2,108.4146509,221.1465355,102,0.002040816
15,kishanm05,15,Tourist,"Jaipur, India.",2,77.33424151,334.3078492,133,0.000831947
16,cheng_jiawei,14,Tourist,paris,2,37.14095312,204.3038053,39,0
17,carpoolworld,14,Tourist,"Joliette, QC",2,6886.689909,5184.488147,2971,0.0077688
18,Navpreet_R,13,Tourist,"New Delhi, India",1,0,0,0,0
19,Haritikajewelry,12,Tourist,"India, Delhi",1,296.5737494,1868.720071,17,0.223958333
20,jollyuncle,10,Resident,Delhi,1,2.264136768,3.685303575,0,6.698924731
21,WoodscapesFurn,10,Tourist,"New Delhi, India",1,0.026803465,0.22468287,0,
22,mehtabalam1,10,Resident,"New Delhi, India",1,70.53930119,605.8191488,5,11.08
23,manishseth,9,Resident,"New Delhi , India",1,358.9807926,1517.847443,141,2.544117647
24,Shridharuni,9,Resident,"Pilani, Rajasthan",2,6.738359812,26.76656118,2,
25,MNicolaas,9,Tourist,Costa Rica,2,3439.602571,4986.846655,92,
26,Amartya4uh,9,Tourist,"Bhagirathpur, Samastipur,Bihar",1,19.57565529,83.96458964,10,0.273333333
27,Lokesha25571089,8,Tourist,Gurgaon,1,68.4701784,222.4451462,61,0.307971014
28,sonu21031995,8,Tourist,Delhi,1,323.9740367,1592.215362,15,0.727272727
29,trip_any,8,Resident,"New Delhi, India",1,1.163709274,2.740223637,0,27.25
30,The_Kushwaha,8,Resident,"Delhi, India",1,232.077947,1369.287848,9,1.905882353
31,sandeep20012,8,Resident,new delhi,1,0.196022843,1.79387972,0,0.005934718
32,1469original,8,Resident,Panjab,2,831.7923699,2609.106168,221,2.580110497
33,stiryoursouls,7,Resident,New Delhi,1,1460.774842,2766.068602,491,1.945558739
34,the_foodie_dad,7,Tourist,"Faridabad, India",1,171.1064944,859.6299765,161,0.625454545
35,MasterchefVijay,6,Tourist,"Baloda bazar, chattishgarh",2,611.8818017,614.3319249,91,0.108695652
36,KartikBhattOff2,6,Tourist,"Ahmadabad City, India",2,211.7352082,303.6962655,24,0.014492754
37,SBBJITSOLUTION,6,Tourist,Delhi,1,0.766040091,2.746913151,0,0.18699187
38,iamAshdaniel,6,Resident,"New Delhi, India",1,557.7801126,1551.474742,11,2.933333333
39,itanimeirl,6,Tourist,"Inuyama-shi, Aichi",2,2659.302907,1491.636957,1607,
40,Xpertimages,6,Resident,New Delhi,1,100.2181038,323.8711839,3,2.6
41,harindersrana,6,Tourist,New Delhi,1,379.3893691,1259.731891,24,0.508474576
42,Abhijeet_Roy__,6,Tourist,"New Delhi, India",1,870.9560191,1678.39828,37,1.055555556
43,BhavishKitchens,6,Resident,"New Delhi, India",1,5.773348802,8.739889831,0,0.111111111
44,omprakashkumaw6,6,Tourist,"Jaipur, India",2,9.748415119,26.63774127,0,
45,yuvhrajsingh,6,Resident,New Delhi ,1,214.4677397,624.7551165,13,2.434782609
46,Faridabaddaily1,5,Tourist,"Faridabad,Haryana",2,0.199170147,0.959378139,0,
47,GamerYt001,5,Resident,"Bijnor, India",2,0,0,0,
48,AtulBLG,5,Tourist,"Chhapar, India",2,1.660958849,5.7256306,0,
49,DWBhukkad,5,Resident,"New Delhi, India",1,90.37292241,379.4714104,15,1.084615385
50,imkLucky,5,E,"Haridwar, India",2,53.97278599,77.2209292,23,
51,simmisakhuja,5,Tourist,Mumbai,2,867.5066077,2927.856008,101,0.213592233
52,vipuksh,5,Tourist,"Gurgaon, IN",1,267.5382986,1320.558677,26,0.026315789
53,fuchsia109,5,Tourist,new delhi,1,273.6413137,889.6771691,94,2.671641791
54,credosian,5,Resident,mumbai,2,380.6853206,1033.236619,208,0.025174825
55,iZamindaarSaheb,5,Tourist,"Kolkata, India",2,289.9590246,1082.526824,151,0.411764706
56,poetryloyal,5,Tourist,"Uttar Pradesh, India",2,26.07658931,110.9041495,1,
57,indiankitchens,5,Tourist,New Delhi ,1,22.7561093,50.65647524,22,0.59009009
58,KashyapClinic,5,Tourist,"New Delhi, India",1,0,0,0,
59,rnpotterys1,5,Tourist,"Jaipur, India",2,9.781672108,58.54645131,8,0.006944444
60,ivishalpundhir,5,Resident,"Hathras, India",2,143.8707837,765.270342,118,0.736363636
61,AneeshKalsi,5,Tourist,new delhi,1,654.9197471,2193.184689,90,0.597560976
62,satish327,4,Resident,New Delhi India,1,4.25268546,14.91419722,2,66.85714286
63,Karaikal_Online,4,Tourist,"Karaikal, India",2,299.9135507,1257.384103,572,
64,Chandra33717075,4,Resident,new Delhi India,1,38.66015598,140.0079724,36,1.298780488
65,tmj_ide_eng,4,Tourist,Delhi,1,20.93152964,21.06702635,0,0.03030303
66,Mukesh05Kumar,4,Tourist,Sonbrsa  Bazar Gorakphur  ,1,731.9623481,610.43523,22,0.2
67,Darshanroy142,4,Tourist,"Wazirpur Industrial Area, New ",1,174.9636268,930.1683934,46,0.212121212
68,PostmanPublic,4,Tourist,New delhi,1,0,0,0,
69,RajeshwarMathur,4,Tourist,"Gurgaon, Haryana, India",1,869.7137967,2430.051129,632,0.059990084
70,KuldeepInnocen3,4,E,"Gurgaon, India",1,0.099270825,0.36449405,0,
71,Prerna98765,4,Resident,"New Delhi, India",1,12.96390958,72.39141792,4,38.66666667
72,JyotiMalikJaat1,4,Resident,"New Delhi, India",1,3.479622087,9.109171606,1,14.34782609
73,Neereventsmang,4,Resident,"Uttam Nagar, New Delhi",1,41.34067237,174.9189147,6,3.21875
74,SakshiS63515602,4,Tourist,"New Delhi, India",1,5.268552559,7.326227644,0,6
75,FnSbuzz,4,Tourist,New Delhi,1,49.39820911,431.6693716,14,4.70212766
76,ekdeewanabobby_,4,Resident,"New Delhi, India",1,853.234859,2171.126577,72,0.168103448
77,kundu8977,4,Tourist,"New Delhi, India",1,518.6684872,1654.708217,23,7.875
78,animeriaowner,4,Tourist,"New Delhi, India",1,18.79912347,138.6471795,2,0.134453782
79,Storeshub1,4,E,"Rajasthan, India",2,0.009873973,0.057143382,0,
80,cehro_india,4,Tourist,"Delhi, India",1,0.402550155,1.992106632,0,0.040816327
81,RahulCh70606736,4,Tourist,"Haryana, India",2,0.00989308,0.048958049,0,
82,ssfpaBharat,4,Resident,"Ghaziabad, India",1,13.35454423,86.08563043,4,0.015544041
83,royyhenderson,4,Resident,New Delhi,1,160.0508814,411.3959566,33,0.028169014
84,omsbishnoi,4,Resident,"Rajasthan, India",2,328.9318879,559.3474501,194,0.003649635
85,vikaskhair,4,Resident,"New Delhi, India",1,168.4540468,893.6865806,80,1.427480916
86,Mithleshp7888,3,Tourist,"Khamgaon, India",2,59.31088385,202.3085088,1,
87,m_Asmakhan,3,Resident,"New Delhi, India",1,11.81184599,87.49345223,6,19.45
88,ganeshkhude,3,Tourist,"New Delhi, India",1,217.4426178,334.8498408,66,0.392857143
89,griffelindia,3,Tourist,"Ludhiana, India",2,587.9429606,910.5615564,188,0.439252336
90,alssolicitors,3,Tourist,New Delhi,1,244.6490779,434.270849,50,0.323529412
91,parvezrockstar,3,Tourist,"New Delhi, India",1,163.7268443,745.6702006,3,1.136363636
92,im_musafirr,3,Resident,DELHI,1,42.12785308,77.30286472,18,1.25
93,YuvrajBhai20,3,Tourist,"Raipur, India",2,2095.009646,3879.736328,13,0.136363636
94,Padam1513,3,Tourist,New Delhi,1,0.155618326,0.678324556,0,0.333333333
95,Rampal967250gm1,3,Tourist,"Bhopal, India",2,42.77149393,151.1964306,4,
96,iarpitpanchal,3,Tourist,"New Delhi, India",1,451.0747307,539.5456741,40,0.465116279
97,kohlivinay20,3,Tourist,"Delhi, India",1,13.13045427,168.580811,11,0.052147239
98,iamkushmusic,3,Resident,"New Delhi, India",1,7.788262417,27.91889062,2,1.666666667
99,FhraiO,3,Resident,Delhi,1,79.99118134,309.307084,6,14.5
100,tmj_ide_hr,3,Resident,Delhi,1,34.62941098,nan,0,
101,delhi_marketing,3,E,"New Delhi, India",1,0.108970867,0.843329485,0,0.002457002
102,FunFundaEnter,3,E,"New Delhi, India",1,107.4901278,112.7788825,2,0.166666667
103,aryadhiman,3,E,New Delhi,1,0,0,0,
104,gazang_sabya,3,E,"Nagaon, Assam, India",2,864.5477741,667.8202165,994,0.354312354
105,vishalkumarblg,3,Tourist,Samastipur BIHAR,2,356.6643766,465.2302149,11,0.5
106,pawanpoonia829,3,,Barwala Haryana,2,6.984637897,11.17661728,0,
107,ssangwan07,3,,u.p. India,2,75.71439269,185.8004104,79,0.015765766
108,Deepanjal96,3,Resident,Delhi,1,1817.948579,3765.08218,20,3
109,mehandiart007,3,Resident,"Rohini, New Delhi",1,48.56594297,200.8290329,7,1.714285714
110,soulamit,3,Resident,New Delhi India,1,68.57144519,415.9174787,33,1.924623116
111,ZoloCabs,3,Tourist,"Varkala, India",2,229.1047921,1044.305466,199,0.001210654
112,RishabhGuptaKnj,3,Tourist,umarda kannauj,2,49.69503312,143.3499713,23,0.004975124
113,waitingaqua82,3,Tourist,"Janakpuri, New Delhi",1,49.30388102,119.8706034,6,0.575757576
114,drmayurjain,3,Tourist,"New Delhi, India",1,126.8333166,493.7478827,10,0.178947368
115,TruthYOuRstRuLy,3,Resident,"New Delhi, India",1,1.768417482,4.738397731,0,0.28125
116,officialnazimm,3,Resident,"Meerut, India",2,5515.986463,5537.938129,33,1.083333333
117,rkchadda,3,Tourist,Toronto,2,2982.091739,4833.128488,1694,0.141044235
118,krishnastudioB1,3,Resident,India,1,46.95297209,184.7588473,2,15.5
119,deejayMudit,3,Tourist,new delhi,1,572.1196627,1944.016255,52,0.641666667
120,brij_pauls,3,Tourist,"New Delhi, India",1,354.4791623,1184.077952,38,1.063291139
121,VermaAashna,3,Resident,DELHI,1,86.84398875,554.0278463,44,4.884210526
122,vasudevyadav09,3,Tourist,"New Delhi, India",1,10.81891339,28.96444162,3,0.147058824
123,sapediya007,3,E,"Badgaon, Mavli,UDR (RAJASTHAN)",2,1094.858161,3139.587659,14,0.026666667
124,Devdutt20901526,3,Resident,"Baghpat, India",2,2.024127538,6.825307885,0,15.5
125,SUPRITIBATRA,3,Tourist,Gurgaon ,1,262.8424684,715.6311012,7,0.054054054
126,lifelinepathlab,3,Resident,"Green Park, New Delhi",1,4.934827568,63.1463741,2,87
127,Devende24072378,3,Tourist,"Palwal , Haryana,India",2,51.25805933,114.0941057,103,0.34751773
128,StudioGrey1,3,E,"RZ-1, Raghu Nagar Pankha Road,",1,5.735316185,11.48767279,0,0.111111111
129,diptijha5,3,Resident,"New Delhi, India",1,6.265295568,6.206497119,0,6.75
130,prashant_adarsh,3,Resident,"New Delhi, India",1,354.0780763,562.7829275,4,0.571428571
131,shashankksha,3,Tourist,"New Delhi, India",1,94.78748954,192.2357535,5,0.857142857
132,bootscrampons,3,Tourist,"New Delhi, India ",1,722.2830252,994.3116951,28,0.269230769
133,JanuRakhi,3,E,"Haryana, India",2,15.94499671,32.78594743,7,
134,rgvcreation7271,3,E,"New Delhi, India",1,0,0,0,
135,ShwetankGhosh,3,E,"Sector 63, Noida",1,36.05542667,134.7573012,16,0.068965517
136,somkamail,2,E,New Delhi,1,119.5741367,214.9173946,13,0.633333333
137,YadavSachin1993,2,Resident,"Delhi, India",1,27.51198566,124.6300317,6,11.11111111
138,Salahud62843269,2,Tourist,"Uttar Pradesh, India",2,20.37385578,46.71627025,9,
139,KingdomOfWallp1,2,E,"Gurgaon, Haryana",1,4.089730946,14.71420983,0,0.01369863
140,writtenbyshweta,2,E,"New Delhi, India",1,658.7861747,1416.351439,8,3
141,yogi_shailendra,2,Tourist,NOIDA,1,199.0629899,889.0562658,11,0.098039216
142,SuRealNewDelhi,2,Tourist,"New Delhi, India",1,2540.429012,4049.872295,574,0.270348837
143,bookandcorner,2,Tourist,"New Delhi, India",1,201.1244775,476.3348172,4,4.25
144,AartiRawat05,2,Tourist,"New Delhi, India",1,748.4297519,2448.710409,314,0.068728522
145,imohit_official,2,Tourist,"Ghaziabad(Uttar Pradesh),India",1,61.55013951,190.5496257,12,0.28125
146,mohitcsc1234,2,E,"Uttar Pradesh, India",2,30.24127203,95.8616586,4,
147,GetNailed5,2,E,Vikaspuri,2,0.009572792,0.089708452,0,
148,rishu4993,2,Resident,New Delhi,1,577.772593,1407.553096,2,0.076923077
149,SharmajiAnuj1,2,Tourist,"New Delhi, India",1,164.2934648,242.5559972,9,
150,youngnewfaces,2,Tourist,"New Delhi, India",1,2849.944527,4769.759799,19,0.470588235
151,killer_ratings,2,E,"Delhi , India ",1,18.79264296,126.0648814,1,45
152,ramakantrao,2,Tourist,"New Delhi, India",1,3.232331251,4.809438812,0,0.068965517
153,aditi_wasan,2,Resident,"New Delhi, India",1,0,0,0,
154,prashantvijay64,2,Tourist,Indore M.P,2,412.2424064,1693.676819,176,0.033244681
155,nsmeena50,2,Tourist,"Alwar, India",2,3929.872933,4847.864991,18,0.5
156,ANXMEDIA,2,Tourist,"New Delhi, India",1,1068.124165,2551.599833,59,0.473684211
157,LAugustinSunny,2,Tourist,"trimulgherry,secunderabad",2,12.4096303,21.09780195,0,
158,JindalMediSurge,2,Resident,"INDIA, NEW DELHI",1,0,0,0,
159,brajbabu0001,2,Resident,"New Delhi, India",1,6.481633211,6.759190517,0,6
160,AalsiChef,2,Resident,"New Delhi, India",1,0,0,0,
161,ayush_goenka,2,Tourist,MUMBAI,2,243.4089519,660.5296325,101,0.017175573
162,dietdimaadi,2,Tourist,NEW DELHI,1,114.6137235,557.1762478,4,0.341176471
163,mdtayyabj,2,E,"New Delhi, India",1,11.73019064,19.95681217,0,0.230769231
164,ranajig,2,Resident,"New Delhi, India",1,498.1238771,1314.545581,2,15
165,shwetadas9560,2,Tourist,New delhi,1,4.795146649,4.53554119,0,0.866666667
166,ActorVenkatesh_,2,Resident,"Hyderabad, India",2,103.7114692,170.5316739,14,
167,AnkitSi55699648,2,Resident,"New Delhi, India",1,27.27466591,217.3094302,1,9.833333333
168,thedapperstreet,2,Tourist,"New Delhi, India",1,681.6613663,1970.332289,131,0.976653696
169,Rexyadav1,2,Resident,"New Delhi, India",1,27.20542721,137.2879452,6,3.692307692
170,AasthaNishtha,2,E,"South Ext I, Delhi, Delhi",1,199.8231534,395.2235405,2,9
171,juttiesmaker,2,Resident,"New Delhi, India",1,14.23557322,44.17283592,2,25
172,PaulTusharK,2,Resident,Delhi,1,63.28973276,133.5063612,29,1.405797101
173,BalajiGranitein,2,E,"Rajsamand, India",2,48.05660704,142.5167822,4,
174,meehnia,2,Resident,"Delhi, India",1,93.44294524,273.5827956,35,1.158730159
175,ByfarStudios,2,Resident,"New Delhi, India",1,0,0,0,
176,Amychhabra,2,Tourist,"New Delhi, India",1,593.2180759,1714.735205,179,0.730603448
177,NehaChug2,2,Resident,"New Delhi, India",1,0.152736879,0.567716653,0,
178,SURAJ_CEO_SFCD,2,Tourist,NewDelhi,1,189.7988977,462.0429111,8,0.142857143
179,chefdmsbajaj,2,Resident,Gurgaon ,1,157.5983948,989.2189867,34,1.099378882
180,Nkkrishnag,2,Tourist,"Patna, Bihar,india",2,274.1947706,385.2296154,52,0.461538462
181,mousumi_sheel,2,Resident,New-DELHI,1,162.4124464,1226.367598,16,1.159090909
182,jitendrarorabjp,2,E,"New Delhi, India",1,1.607996863,2.746177449,0,0.142857143
183,souravmondal86,2,Tourist,"New Delhi, India",1,119.5554167,280.0800998,37,0.2
184,Mdmojahid5,2,Tourist,"New Delhi, India",1,27.72123985,135.5468513,1,0.185185185
185,thukralvarun,2,Resident,"New Delhi, India",1,4.071900697,30.24478904,2,57
186,ThanishaArts,2,Resident,"New Delhi, India",1,0,0,0,
187,Shreyascoll,2,E,"Sitarganj, India",2,1.754668922,15.16033136,2,
188,avanishKumary,2,Tourist,"Gurgaon, India",1,443.0941653,2101.879532,13,0.059701493
189,mstoursntravels,2,E,"New Delhi, India",1,44.3444436,217.7236443,4,0.02
190,SHAHRUKHMAUJASS,2,Tourist,"Delhi, India",1,151.9406176,327.0009314,2,1.166666667
191,ankscribe,2,Tourist,Delhi,1,304.328033,1247.3499,24,1
192,Mukul_Dev_Singh,2,E,Delhi,1,2224.873704,3028.340089,35,0.219512195
193,YouTube97098034,2,Tourist,"Rajasthan, India",2,847.4510702,2593.519833,33,0.035714286
194,sumitsherverma,2,Resident,"New Delhi, India",1,596.3704505,699.8131207,4,0.142857143
195,BandhuIndia,2,Resident,"New Delhi, India",1,1.032201514,1.925677836,0,4.75
196,ErAbhiranjan,2,Resident,"Sarita Vihar, New Delhi",1,2.311827374,5.626496696,0,
197,TheSalaahakaar,2,Tourist,"Ghaziabad, India",1,0.760959059,3.854550188,0,0.095890411
198,DRFbydevpanwar,2,Tourist,"New Delhi, India",1,282.8987692,911.8895047,173,0.549618321
199,daditya13,2,Tourist,"Haryana, India",2,229.3850797,1136.222804,125,0.281995662
200,sidharth_09,2,Tourist,New Delhi,1,1281.068271,2590.223886,106,0.680232558
201,ChetanCk,2,Tourist,Gurgaon,1,3.107045088,4.666792031,0,0.025806452
202,GauravArora02,2,E,Delhi,1,547.1245793,1045.669841,12,0.259259259
203,nigeriandj,2,Tourist,Nigeria,2,6885.718648,4962.055223,1008,0.000869565
204,rinisha19,2,Tourist,"Dubai, United Arab Emirates",2,510.6016173,1780.846014,421,0.010834927
205,GauravPhogat1,2,Resident,New Delhi,1,198.4330298,1100.982575,7,0.6875
206,vvaidofficial,2,Resident,"New Delhi , India",1,0.786883108,2.221929027,0,
207,amitsingh9115,2,Resident,RAEBARELI U. P.,2,4.321471169,4.90932256,0,4.384615385
208,chatpatishikha,2,Tourist,"New Delhi, India",1,747.3416614,1941.428492,226,0.224770642
209,rkumarsharma845,2,Resident,"New Delhi, India",1,nan,nan,0,
210,Abhishe7788,2,Resident,New Delhi INDIA..,1,173.4434888,1284.310833,12,2.046511628
211,ghisulalmeena,2,E,Bali Pali,2,75.71676006,360.1151342,4,0.028985507
212,viditsinghrai,2,Resident,New Delhi,1,79.8060153,271.4446074,7,15
213,achesacherishte,2,Tourist,"Rohini, New Delhi",1,0.97929938,3.545197682,0,0.206521739
214,Krimzon_Koz,2,Tourist,New Delhi,1,48.8314905,584.7180495,44,1.031135531
215,mohdasim93,2,Tourist,"New Delhi, India",1,500.146437,2101.013966,14,0.113924051
216,myreadwhere,2,Tourist,"Gurgaon, India",1,1.172222524,1.015174485,0,
217,atulprashar,2,Tourist,"Gurgaon, India",1,135.1942546,587.6008461,4,
218,cocoon_kapas,2,Tourist,"Gurgaon, India",1,0.325535942,0.574715636,0,
219,LtdFiery,2,Tourist,"New Delhi, India",1,5884.283566,5009.313274,42,0.588235294
220,Fashiondeal7,2,Tourist,New Delhi,1,173.4705504,345.9410625,8,1.666666667
221,GurjarShukal,2,Tourist,"Rajasthan, India",2,65.30035956,45.53295366,0,
222,SharmaMunishwar,2,Resident,New Delhi.,1,58.32932841,240.2750906,8,2.555555556
223,sheelchandjha,2,Tourist,delhi,1,4.518324124,4.27754029,0,0.546875
224,SatyamM84119341,2,E,"Banda, India",2,456.2852177,1618.789209,11,
225,maxfoods,2,Tourist,New Delhi,1,1644.229063,3893.328822,33,0.410958904
226,12Shashikant_,2,Resident,"New Delhi,India",1,8.022228044,8.162166531,0,1.875
227,photoshaala,2,Resident,"New Delhi, India",1,149.026955,304.6854364,17,0.857142857
228,vashishtha5555,2,Resident,"New Delhi, India",1,22.44288576,nan,0,
229,kumar_abheek,2,Resident,"New Delhi, India",1,76.22919105,165.5136173,8,0.892857143
230,DeepakRajput199,2,Resident,"New Delhi, India",1,1.422731523,2.326857554,0,8.2
231,PlateOfDelight,2,Resident,"New Delhi, India",1,300.1547158,849.6608272,17,4.461538462
232,ayulifeindia,2,Tourist,"Vatika City Mkt, Sec-49, GGM",1,5.504274798,4.960599391,0,
233,RavindarShah,2,Tourist,Delhi.india,1,133.7311243,850.1674447,29,0.045081967
234,HARENDR21921303,2,E,jogither,2,0,0,0,
235,NEERRAJANAND,2,Tourist,"Mumbai, India",2,1306.027633,2897.182439,318,0.019498607
236,SharathPotlach1,2,E,Ghatkesar,2,17.37983325,20.06850281,0,0
237,imbhavikasharma,2,E,"New Delhi, India",1,1105.270151,1868.991406,2,1.666666667
238,rahulsmarty17,2,E,Delhi,1,603.0058543,1416.625408,100,0.039106145
239,bond007bitcoin,2,Tourist,"New Delhi, India",1,2390.87844,4866.210831,30,0.407407407
240,AnushreeDey12,2,Tourist,"West Bengal, India",2,4633.85903,5632.387681,54,0
241,kirti_vir,2,Tourist,"Gurgaon, India",1,8.588891395,nan,0,0
242,sohumsutras,69,Resident,new delhi,1,40.61458632,502.2428309,36,32.02
243,Dpsairy,62,Resident,"New Delhi, India",1,1.80920807,14.24196588,3,8.135416667
244,PairsonnalitesA,62,None,Asia | Australia - Pacific,2,651.8300555,1872.496332,58,0.165829146
245,praticram,62,Tourist,Delhi,1,242.2690878,638.847354,151,0.017316017
246,HassanAliMaths1,42,None,"Ghaziabad, India",2,0.007185226,0.071738051,0,0
247,tmj_ide_jobs,38,Tourist,Delhi,1,3.297391311,8.550446538,0,
248,tmj_ing_jobs,34,None,"Gurgaon, India",1,4.443301806,12.14945501,0,
249,carpoolworld,34,Tourist,"Joliette, QC",2,7261.132409,5151.338291,2943,0.0046875
250,JyotiMalikJaat1,33,Resident,"New Delhi, India",1,3.500455059,8.475035662,1,11.91428571
251,WinsomeWears,33,None,"AG04, Arcadia Market, Gurgaon",2,0.118506115,0.677599123,0,0
252,poojaesthetic,28,NaN,"New Delhi, India",1,0.18348417,1.256641811,0,27.25
253,trip_any,28,NaN,"New Delhi, India",1,1.163709274,2.740223637,0,0.014875418
254,Tapasdastnfl,26,NaN,New Delhi,1,39.0854836,478.3287446,74,
255,Navpreet_R,24,NaN,"New Delhi, India",1,0,0,0,
256,jollyuncle,21,NaN,Delhi,1,2.15405452,3.502435681,0,7.755319149
257,sumitmalik603,18,Resident,"New Delhi, India",1,25.21124606,176.1381554,2,49.5
258,Visheshwar56,16,Tourist,"?? ??????, ????",2,1.189556534,28.09544362,4,0.012921348
259,RahulCh70606736,16,,"Haryana, India",2,0.006032366,0.038386816,0,
260,Amartya4uh,15,Tourist,"Bhagirathpur, Samastipur,Bihar",2,19.57565529,83.96458964,10,0.273333333
261,BlissAvenues,15,Tourist,"New Delhi, India",1,43.80795646,179.9717395,16,1.388059701
262,kohlivinay20,15,Tourist,"Delhi, India",1,11.56465539,157.520136,11,0.049399199
263,killer_ratings,15,NaN,"Delhi , India ",1,18.79264296,126.0648814,1,45
264,rnpotterys1,14,Tourist,"Jaipur, India",2,7.332556247,50.81373825,8,0.005194805
265,NehaChug2,14,Resident,"New Delhi, India",1,0.152736879,0.567716653,0,
266,Hochwertigdecor,14,,"Gurgaon, India",1,0.3622694,1.301302267,0,
267,kishanm05,14,Tourist,"Jaipur, India.",2,67.92656803,311.8131528,140,0.000718391
268,Patton_Yu,13,Resident,UK,2,1340.03088,2340.001249,55,
269,soulamit,13,Resident,New Delhi India,1,82.61720215,413.151446,49,1.651639344
270,stiryoursouls,13,Resident,New Delhi,1,1386.419107,2712.379457,495,2.088319088
271,mlpindia,13,Resident,"East of Kailash, New Delhi",1,17.92554971,65.75295645,6,14.14285714
272,finelineartacad,13,Resident,"New Delhi, India",1,142.7875263,328.8373577,10,0.239130435
273,unsaidwords_19,13,Resident,New Delhi India,1,94.11892741,827.0258935,148,7.376205788
274,Rexyadav1,13,Resident,"New Delhi, India",1,25.53015556,131.4039409,6,3.255319149
275,The_Kushwaha,12,Resident,"Delhi, India",1,192.8755911,1250.898884,9,2.494117647
276,Haritikajewelry,12,Tourist,"India, Delhi",1,268.0222842,1778.397938,17,0.198156682
277,Modran_News,12,Tourist,"Modran, Jalor, India",2,41.54535036,133.3828269,232,0.000536193
278,thevirat1993,12,Tourist,Kanpur Uttar Pradesh,2,97.70909876,663.8860595,214,0.003929273
279,9lRmwPFsBjoNtU1,12,Tourist,"Rajasthan, India",2,3.712106594,19.285364,2,
280,sandeep20012,12,Tourist,new delhi,1,41.52390766,264.5853709,10,0.007194245
281,royyhenderson,12,None,New Delhi,1,157.252007,394.799081,47,0.046875
282,PlateOfDelight,11,Resident,"New Delhi, India",1,269.9151187,767.7989726,29,3.022222222
283,Sabri__Brothers,11,Resident,India,1,96.79962229,283.4587695,67,6.024096386
284,bond007bitcoin,11,Tourist,"New Delhi, India",1,3339.978856,5200.255955,84,0.4
285,vipuksh,10,None,"Gurgaon, IN",1,232.1239491,1219.020578,30,0.022222222
286,AneeshKalsi,10,Tourist,new delhi,1,618.6565169,2136.036242,90,0.661676647
287,Pro_India_News,10,Tourist,India,1,2979.640411,3779.012207,888,0.249385749
288,Yadunandan95,10,Resident,"Shastri Nagar, New Delhi",1,16.63178299,88.51447825,4,
289,krishnastudioB1,10,Resident,India,1,45.53015475,182.0326685,2,16
290,geolocationms,9,None,"Warsaw, Poland",2,4439.836732,5876.989856,1586,
291,ItsKulluSingh,9,Resident,"New Delhi, India",1,0.181701904,0.620137396,0,
292,Parammlp,9,Resident,"New Delhi, India",1,153.30414,1024.912502,80,4.228813559
293,PaulTusharK,9,Resident,Delhi,1,63.67832541,134.6860906,31,1.154761905
294,Prerna98765,9,Resident,"New Delhi, India",1,12.04520732,69.83801617,4,41.66666667
295,KashyapClinic,9,Resident,"New Delhi, India",1,0,0,0,
296,Darshanroy142,9,Tourist,"Wazirpur Industrial Area, New ",1,229.6993341,1185.104896,60,0.208877285
297,dongsong3457,9,None,Vatican City,2,300.0096127,1414.748613,40,
298,parvezrockstar,9,Tourist,"New Delhi, India",1,164.4181689,737.5357832,4,1.181818182
299,shwetadas9560,9,Tourist,New delhi,1,4.795146649,4.53554119,0,0.866666667
300,Krimzon_Koz,9,Tourist,New Delhi,1,47.99767659,564.6913102,45,1.232902033
301,GetNailed5,9,Tourist,Vikaspuri,2,0.007316348,0.078514262,0,
302,mymwholesale,9,None,Delhi,,0.000159565,0.002250941,0,0.866666667
303,cityabbasdhoni,8,Tourist,india,1,458.1570344,519.389159,41,1.347560976
304,Chandra33717075,8,Resident,new Delhi India,1,37.91630923,138.6337523,36,0.011303191
305,propertywala,8,Tourist,India,2,793.6052226,620.4565559,2292,0.021337127
306,SuryaTi37017221,8,Tourist,india,2,1940.723786,2616.484956,512,0.625678119
307,the_foodie_dad,8,Tourist,"Faridabad, India",1,170.2179803,857.31359,161,
308,libereo,8,Resident,Faridabad (Delhi NCR),1,0.097497639,0.462410293,0,
309,gourmet__couple,8,Resident,"New Delhi, India",1,21.86307178,57.69647652,2,8.5
310,MasterchefVijay,8,Tourist,"Baloda bazar, chattishgarh",2,579.5967932,609.2483767,97,0.095541401
311,Neereventsmang,8,Resident,"Uttam Nagar, New Delhi",1,47.06263859,187.5954995,8,3.305555556
312,sidharth_09,8,Tourist,New Delhi,1,1353.628869,2542.812524,131,0.607843137
313,indiankitchens,7,Tourist,New Delhi ,1,22.42260263,49.4321321,22,0.577494692
314,GurugramF,7,None,India,2,26.78730455,128.990194,3,0.074380165
315,AnkitSi55699648,7,Resident,"New Delhi, India",1,24.63701613,167.656022,5,11.9
316,avneeshjaswal,7,Resident,"New Delhi, India",1,21.90572677,177.9544197,6,7.625
317,fuchsia109,7,Resident,new delhi,1,272.9007418,888.5847097,94,2.68159204
318,Rajeevhaker,7,Tourist,Delhi,1,99.10009752,264.433106,37,0.414473684
319,MLtFDH7c4h5ukNT,7,None,Dosa,2,67.24768552,113.6133554,30,
320,Mukesh05Kumar,7,Tourist,Sonbrsa  Bazar Gorakphur  ,2,657.841322,618.6848562,22,0.176470588
321,mukeshStimulus,7,Tourist,Delhi India,1,158.6413951,451.2752366,4,2.7
322,im_musafirr,7,Tourist,DELHI,1,43.24898464,110.720923,20,1.25
323,KingdomOfWallp1,7,None,"Gurgaon, Haryana",2,4.089730946,14.71420983,0,0.01369863
324,PradeepLamba100,7,Tourist,"Gurgaon, India",2,47.53228292,124.2405501,18,0.103030303
325,SharmaMunishwar,7,Resident,New Delhi.,1,49.77998546,221.8914362,8,2.973684211
326,ChetanCk,6,Tourist,Gurgaon,1,3.107045088,4.666792031,0,0.025806452
327,sudhirggarg,6,Resident,Jaipur India,2,282.1952155,1019.604171,196,0.005333333
328,Deepanjal96,6,Resident,Delhi,1,1879.509495,3959.978441,30,3.074074074
329,utsavdas21,6,None,Gurgaon,1,27.52963997,89.58957425,4,
330,mrigank143,6,Resident,India,1,0.486793399,1.498318467,0,
331,cfbyvikas,6,Resident,Delhi ,1,0,0,0,
332,officialclicks,6,None,"Kolkata, India",2,100.827976,490.8950314,14,0.022522523
333,chefdmsbajaj,6,Resident,Gurgaon ,1,154.543177,964.7325744,41,1.002808989
334,thukralvarun,6,Resident,"New Delhi, India",1,3.071304661,26.25105597,2,76
335,m_Asmakhan,6,Resident,"New Delhi, India",1,16.19545032,105.9033308,8,18.19047619
336,Devende24072378,6,Resident,"Palwal , Haryana,India",2,39.59142882,52.11083155,93,0.876146789
337,officialnazimm,6,Resident,"Meerut, India",1,5225.88946,5390.344074,37,1.074074074
338,that90skid01,6,Tourist,"Faridabad, India",1,29.67410522,138.7295331,12,0.692810458
339,Fashiondeal7,6,Tourist,New Delhi,1,87.86170733,259.7273931,8,4.2
340,TheKing00256799,6,Resident,"New Delhi, India",1,0,0,0,
341,VivekKu71129488,5,None,"Agra, India",2,1.699628321,12.40831884,0,
342,om_maurya,5,Tourist,"New Delhi, India",1,95.47980394,566.2879536,46,0.515283843
343,imkLucky,5,Tourist,"Haridwar, India",2,49.83897753,75.53224693,25,
344,dietdimaadi,5,Tourist,NEW DELHI,1,96.5092391,509.1047201,4,0.280373832
345,vvaidofficial,5,Resident,"New Delhi , India",1,1.239937018,2.671085954,0,
346,NUTRITION_WRLD,5,Resident,New Delhi,1,25.81570385,156.6574076,8,8.772727273
347,omprakashkumaw6,5,None,"Jaipur, India",2,6.498943412,22.51300037,0,
348,toyhomein,5,Tourist,"Ghaziabad, Uttar Pradesh",1,163.1487294,342.581743,110,0.003355705
349,Lokesha25571089,5,Tourist,Gurgaon,1,68.4701784,222.4451462,61,0.307971014
350,ashwani05031998,5,None,Gosainganj Amethi U.P. India,2,27.32938718,40.93728123,0,
351,Froozbaba,5,Tourist,"New Delhi, India",1,25.46584615,109.7054339,6,1.032258065
352,TheCakesPort,5,None,Laxmi Nagar Vihar Delhi 110092,1,0.118705597,0.184572205,0,
353,avibhardwaz,5,Tourist,"New Delhi, India",1,6.321196815,6.954886638,0,1.583333333
354,harindersrana,5,Tourist,New Delhi,1,379.3893691,1259.731891,24,0.508474576
355,mukeshs64602470,5,Tourist,"Delhi, India",1,155.2081363,320.3849864,76,0.815533981
356,umaheshwari16,5,Resident,"Delhi, India",1,7.339993592,36.40990566,4,6.875
357,satish327,5,Resident,New Delhi India,1,3.839267389,14.15443597,2,87.33333333
358,DeepakRajput199,5,Resident,"New Delhi, India",1,1.362214433,2.29413529,0,8.6
359,TheFoodDude_In,5,Error,Shaheen Bagh,1,0.887325947,1.024595749,0,
360,Fernandovaganov,5,Resident,INDIA,1,3133.869834,4186.693578,37,1.966666667
361,animeriaowner,5,Tourist,"New Delhi, India",1,18.79912347,138.6471795,2,0.134453782
362,cfaacademy,5,None,NOIDA,1,101.0509948,269.7428008,45,0.00255102
363,simmisakhuja,5,Tourist,Mumbai,2,827.7127266,2865.571552,101,0.27184466
364,AyushChand1989,5,None,Ghaziabad Uttar Pradesh India,1,111.8360983,175.5921844,7,0.05
365,scottoliverwebb,5,None,Essex ,2,1697.35244,3388.684353,328,0.101928375
366,pvt_prime,5,None," No.20 /2,nearYMCA Chowk12100",1,0,0,0,
367,SBBJITSOLUTION,5,Tourist,Delhi,1,0.750512251,2.720895905,0,0.182539683
368,WoodscapesFurn,5,None,"New Delhi, India",1,0.022739714,0.207114818,0,
369,sandeep_kapoor0,5,Tourist,delhi,1,661.3801038,746.709618,1077,0.037068239
370,KuldeepInnocen3,5,None,"Gurgaon, India",1,26.89487612,110.1821366,2,
371,harjeeeet,4,Resident,New Delhi,1,1.092605859,1.785420363,0,
372,deejayMudit,4,Tourist,new delhi,1,663.505823,2282.29416,56,0.633587786
373,lwood_tm,4,None,"Lynwood, CA",2,5459.458478,7495.420377,2,
374,sonu21031995,4,Tourist,Delhi,1,323.9740367,1592.215362,15,0.727272727
375,alssolicitors,4,Tourist,New Delhi,1,211.6183462,412.2698646,50,0.27607362
376,delhi_marketing,4,None,"New Delhi, India",1,0.098558095,0.802572276,0,0.002222222
377,kundu8977,4,Resident,"New Delhi, India",1,551.9514777,1672.61549,29,5.794117647
378,sachvesh2000,4,None,"New Delhi, India",1,28.36970132,61.99990878,1,1
379,sanjaysaini2003,4,None,"Hajipur, India",2,35.88219981,52.78480502,3,
380,GuptaDentalCent,4,Resident,"Jangpura, New Delhi",1,0,0,0,
381,v2gworld,4,Resident,"New Delhi, India",1,625.0325664,581.5065479,248,2.180555556
382,Harshit7365,4,Tourist,"New Delhi, Delhi",1,91.43078926,622.0193423,19,0.892857143
383,HARENDR21921303,4,None,jogither,2,0,0,0,
384,aspirearabind,4,Tourist,"Bhubaneshwar, India",2,7434.721619,5828.74295,70,
385,KishanS98741263,4,None,Hometown.Rajasthan.Suart,2,691.1461779,2916.79086,15,0.147058824
386,FhraiO,4,Resident,Delhi,1,79.99118134,309.307084,6,14.5
387,olupumasah,4,None,"Ikoyi, Nigeria",2,2098.879912,3821.585505,10,0.291666667
388,KartikeyKumarV2,4,None,"Maharajganj, Indi",2,104.2111162,242.8963232,9,
389,Yaks_News,4,None,"Kukatpally, Hyderabad.",2,23.58819487,44.5822945,23,
390,iZamindaarSaheb,4,Tourist,"Kolkata, India",2,284.9462053,1043.488538,162,0.370283019
391,JindalMediSurge,4,Resident,"INDIA, NEW DELHI",1,0,0,0,
392,PrincemaxXtreme,4,None,"New Delhi, India",1,130.2333119,287.2203921,7,
393,juttiesmaker,4,Resident,"New Delhi, India",1,14.23557322,44.17283592,2,25
394,mukulrock007,4,Tourist,"New Delhi, India",1,744.0201954,2677.211513,20,0.405405405
395,DelhiNowMagz,4,Resident,DELHI,1,77.66487308,725.4011767,67,1.652173913
396,bluesandreverie,4,Resident,New Delhi ,1,6.062365492,6.270274723,0,6
397,Rohitaman13,4,Error,"New Delhi, India",1,33.92652905,75.98599185,1,0.166666667
398,amit71writes,4,None,"Gurgaon, India",1,0,0,0,
399,omsbishnoi,4,None,"Rajasthan, India",1,336.4589318,563.3920528,201,0.003571429
400,1469original,4,Resident,Panjab,2,826.2750898,2589.984172,225,2.591397849
401,sukaina1422,4,Tourist,India,2,1263.647165,3330.203821,61,3.683333333
402,KiranSharmaBjp1,4,Tourist,"Delhi, India",1,1.738904598,3.525371871,0,0.394736842
403,Oluwareezi,4,Tourist,"Abuja, Nigeria",2,447.7596674,1851.772881,13,0.039106145
404,yuvhrajsingh,4,Resident,New Delhi ,1,229.8642678,638.1644687,14,2.375
405,cehro_india,4,None,"Delhi, India",1,0.402550155,1.992106632,0,0.040816327
406,achesacherishte,4,Tourist,"Rohini, New Delhi",1,0.97929938,3.545197682,0,0.206521739
407,SakshiS63515602,4,None,"New Delhi, India",1,5.268552559,7.326227644,0,6
408,GauravPhogat1,4,None,New Delhi,1,189.0022426,1074.962977,7,0.634615385
409,manishseth,4,Resident,"New Delhi , India",1,349.2972744,1496.553026,145,2.559139785
410,a_decorators,4,None,jodhpur /bap,2,122.3194952,201.3847466,189,0.002040816
411,alikhaan1947,4,Resident,"Delhi, India",1,0,0,0,
412,aadityadamss,3,None,"Kanpur, India",2,71.61927471,192.2570602,15,0.021276596
413,tmj_ide_eng,3,None,Delhi,1,9.164309975,16.28540619,0,
414,shubham78625,3,Tourist,"New Delhi, Delhi",1,1923.134716,3723.083572,64,0.545454545
415,BooksetcCo,3,Resident,"New Delhi, India",1,500.5438906,1486.974877,13,4
416,ParitKumar,3,None,"Bhiwadi, India",2,44.03260246,78.56679664,2,
417,theauduo,3,Resident,"New Delhi, India",1,1018.208299,3472.125925,3,8
418,BhairiYadav,3,None,"Metpalli, India",2,61.57309503,115.1292502,8,
419,iamkushmusic,3,Resident,"New Delhi, India",1,7.788262417,27.91889062,2,1.666666667
420,dranmolchugh,3,Tourist,"New Delhi, India",1,53.6953013,230.2072721,4,0.1
421,SharmaRudhransh,3,None,"Mumbai, India",2,122.3432952,239.1249658,8,
422,debanjan_pt,3,None,Delhi,1,0.25938164,1.316658627,0,
423,rochika,3,None,"New Delhi, India",1,2278.753886,3932.089378,11,0.666666667
424,pankajramsaroj,3,None,india,2,916.2337725,739.6585872,16,0.045454545
425,longge881,3,None,Shenzhen,2,57.13526173,329.7323008,16,
426,smartnits013,3,None,Gurgaon,1,513.873116,1748.155142,5,
427,gymnastdeepesh,3,Resident,"New Delhi, India",1,32.05392901,77.62226284,6,5.714285714
428,Surya_P_Tiwari,3,None,"Lucknow, India",2,84.79438167,230.3957346,2,
429,prateek_saini_,3,Resident,"New Delhi, India",1,112.8217809,297.1221684,2,15
430,khanashraf043,3,Tourist,New delhi,1,6.353599509,73.08230855,8,1.125211506
431,iamMahendra4444,3,None,"Surat, Gujarat. india ????",2,3209.01171,4791.160444,40,
432,KartikBhattOff2,3,None,"Ahmadabad City, India",2,213.6071362,298.8868678,28,0.0125
433,RekhaSh54711685,3,Resident,"New Delhi, India",1,2.155047039,5.701718529,0,1.666666667
434,Rashmi_Alive,3,None,"Kolkata,India.",2,466.2492009,951.5454656,62,
435,FyGuang,3,None,China ????,2,698.4527756,1650.45403,159,
436,pvspanditvinay,3,None,"Akbarpur, India",2,156.1219447,193.2515994,3,
437,Shraybee,3,Tourist,"New Delhi, India",1,2018.535757,4662.873124,23,0.640625
438,indiayatravikas,3,Tourist,"Ghaziabad, India",1,1.376124127,3.571106637,0,0.004587156
439,techfrogin,3,Tourist,"New Delhi, Delhi",1,457.3080685,911.4361968,529,0.286786787
440,MukundNair,3,None,"Indore, Mumbai, Delhi, Gurgaon",2,65.56762897,240.5717802,24,0.01826484
441,royal_prabal,3,Tourist,"Noida, India",2,281.5440923,448.1053571,173,0.0175
442,PinkuSaurabh,3,Error,Badlapur Jaunpur India ,2,324.4894282,617.133227,1,
443,RahulkuMATHUR,3,Tourist,"New Delhi, India",1,3.631664693,34.53937258,21,
444,rocklyn24,3,Error,"Manchester, England",2,178.9024461,1041.895055,3,0.110707804
445,Xpertimages,3,Resident,New Delhi,1,125.9899077,356.0611603,5,0.073170732
446,AvanieSJoshi,3,Tourist,Mumbai,2,334.1370062,748.9330196,32,2
447,ash10ben10,3,None,TheSims World,2,251.5100933,1458.331317,7,0.964285714
448,rahularya986,3,Resident,"New Delhi, India",1,6.20896131,14.30134602,0,
449,sumitsherverma,3,Error,"New Delhi, India",1,596.3704505,699.8131207,4,0.142857143
450,mayue31,3,None,"Tianjin, China",2,403.3732211,1147.83197,95,
451,rinisha19,3,None,"Dubai, United Arab Emirates",2,503.6261668,1760.647162,428,0.010539368
452,AapShamsher,3,Resident,"Patparganj, New Delhi",1,0,0,0,
453,TRAVELL1NGBOOTS,3,None,"Gurgaon, Haryana",1,1649.497683,2507.811914,38,0.018181818
454,raviprakashca,3,Tourist,"New Delhi,Bihar, India.",1,159.2436372,308.7517006,23,0.022058824
455,Miyabhai_9591,3,None,"New Delhi, India",1,138.3902189,285.1090374,20,0.183098592
456,jyotiarora89,3,Resident,New Delhi,1,191.2975059,650.3343518,27,2.869565217
457,shaswat_doctor,3,Tourist,Mumbai,2,437.2355652,688.881717,120,0.018461538
458,DanzaManish,3,Resident,"New Delhi, India",1,200.4930369,454.4861134,23,2.6875
459,CrazyKadchi,3,None,Gurgaon,1,0,0,0,
460,Snehaa11,3,Tourist,INDIA,2,2664.793392,4617.808214,194,0.097484277
461,swaplovee,3,Resident,New Delhi,1,303.0884305,1619.304293,186,1.695652174
462,LingerieLook,3,Resident,"New Delhi, India",1,0,0,0,
463,GhumakkadBilla,3,Tourist,"Mumbai, India",2,4136.716265,4315.254877,121,0.047619048
464,FictionalWorm,3,Resident,"Delhi, India",1,85.84612034,457.51936,57,12.65116279
465,mstoursntravels,3,None,"New Delhi, India",1,42.65513146,213.6659102,4,0.019230769
466,511Deshdeepak,3,Tourist,"New Delhi, India",1,4.353080268,22.30213638,1,0.08
467,shal825,3,Resident,"New Delhi, India",1,0,0,0,
468,UmeedKiKiranNGO,3,None,"Rohini, New Delhi",1,122.2894632,347.6641429,9,0.222222222
469,unipsyin,3,Error,"New Friends Colony, New Delhi",1,1.364381366,3.340590592,0,0.4
470,ashucisf,3,Tourist,"New Delhi, India",1,83.25218249,361.0134455,3,4.666666667
471,rkchadda,3,Tourist,Toronto,2,2959.842184,4831.838647,1658,0.13433908
472,Muhamma28081571,3,Resident,"Basti, India",2,1.686944494,4.132153236,0,
473,nikhilmenan,3,Tourist,Faridabad-Haryana,1,4.451853687,8.820287858,0,0.27027027
474,DWBhukkad,3,Resident,"New Delhi, India",1,83.21995445,363.7450685,15,1.208955224
475,flyplanett,3,None,"New Delhi, India",1,1238.186312,2883.321718,168,0.157894737
476,PostmanPublic,3,None,New delhi,1,34.68570778,171.6497376,2,
477,mohitbhuhal360,3,Tourist,"Delhi, India",1,286.3953122,392.1234302,11,0.785714286
478,heavenyash1,3,None,"Hyderabad, India",2,527.4330167,1174.987755,13,
479,INDRJEET9664,3,None,"Gonda, India",2,7.832632549,6.121791027,0,
480,mr_24fitness,3,None,"Udaipur, India",2,1.219693191,19.0912182,1,
481,mehtabalam1,3,Resident,"New Delhi, India",1,68.05233865,595.151515,5,11.52
482,NewsquesIndia,3,Tourist,"New Delhi, India",1,3342.299101,5140.309512,78,0.364864865
483,virendarmeghana,3,None,meghana rajasthan,2,12.11577049,54.16643786,2,
484,lifelinepathlab,3,Resident,"Green Park, New Delhi",1,4.784874244,62.18265327,2,89.75
485,PrakashBelwade,3,Resident,"Mumbai, India",2,231.3483337,515.6538393,1,2
486,Abhishe7788,3,Tourist,New Delhi INDIA..,1,164.7921593,1247.049387,13,1.725490196
487,gya_prasad,3,None,Kirari Suleman Nagar Delhi,1,11.46456834,42.01839088,3,0.097560976
488,ayulifeindia,3,None,"Vatika City Mkt, Sec-49, GGM",1,4.586895665,4.971969967,0,
489,ashusaboo,3,Tourist,Pune,2,653.4892957,2029.276597,90,0.858895706
490,chatpatishikha,3,Tourist,"New Delhi, India",1,773.4017637,1973.953947,233,0.221556886
491,CadetPARMAR,3,None,"Gurgaon, India",1,961.717781,981.5589394,25,0.1
492,officiallyshail,3,Tourist,"New Delhi, India",1,1108.674272,1420.614614,34,0.4
493,tulsindia,3,None,New Delhi ,1,734.8446502,945.4510662,3,0.6
494,sanjeevyadav636,3,Error,"New Delhi, India",1,0.024925005,0.03524928,0,
495,BishnoiSumeet,3,None,"Gurgaon, India",1,1.130617395,1.089625172,0,
496,brilliantacade,3,None,New delhi,1,4.445672212,62.44091747,1,0.023923445
497,photoshaala,3,Tourist,"New Delhi, India",1,143.5371583,300.1528939,17,0.928571429
498,BALJINDER_TRBN_,3,Tourist,YamunaNagar Haryana,2,132.4457453,379.1790476,78,0.033018868
499,entrprnr_nav,3,None,"Gurgaon, Haryana",1,64.40023695,219.4755742,14,
500,N_raghuvanshi1,3,None,"New Delhi, India",1,406.9553242,951.86356,17,0.163636364
501,Aadharshila01,3,None,"sector 2 faridabad, Sector-3 , Ballabgarh 121004",2,1.562547388,5.367929661,0,0.008695652
502,MathildePires,2,None,New Delhi,1,1.670626549,1.605838843,0,
503,ShristiShree,2,None,"Sonipat, India",2,54.8735704,197.5492684,1,
504,abinash693,2,Error,"New Delhi, India",1,0,nan,0,
505,nb_sellers,2,None,"Rajasthan, India",2,4.217424717,12.65227415,0,
506,Naaushaad,2,Resident,"New Delhi, India",1,84.58938492,208.1923315,3,1.333333333
507,BilalTennisPro,2,Tourist,New Delhi,1,179.5804086,717.8032673,19,1.517241379
508,hariomtiwari660,2,Resident,"Gaya, India",2,242.2256993,391.4235299,6,2.666666667
509,ssfpaBharat,2,Tourist,"Ghaziabad, India",2,13.35454423,86.08563043,4,0.015544041
510,aryadhiman,2,None,New Delhi,1,0.056173772,0.734081195,0,0.014749263
511,SurendraTatawa6,2,Tourist,"Jaipur, India",2,148.3538852,269.2804388,33,0.017699115
512,ownsilent,2,None,"Laxmi Nagar, New Delhi",1,5119.905248,5366.799698,57,0.015873016
513,ssstaranagar,2,Error,"Rajasthan, India",2,0,nan,0,
514,ivishalpundhir,2,Resident,"Hathras, India",2,158.3489455,742.2591855,138,0.715846995
515,ishantdudeja,2,Tourist,"Gurgaon, India",1,28.67755681,72.49383512,4,0.025
516,Ravisagar_07,2,Tourist,"Loni, Ghaziabad",1,601.8389669,2215.362254,35,0.112359551
517,FunFundaEnter,2,None,"New Delhi, India",1,107.4901278,112.7788825,2,0.166666667
518,RishabhDiwan12,2,Error,delhi,1,342.6469187,459.2030587,2,2
519,VishaalB,2,Error,"Delhi, India",1,0,0,0,
520,damanpreet28,2,None,new delhi,1,1.108573196,2.845566578,0,0.052631579
521,VermaAashna,2,Resident,DELHI,1,86.68863277,553.5433698,44,4.894736842
522,faizansayed07,2,Tourist,"New Delhi, India",1,115.0870802,413.9067317,9,0.115384615
523,Vishal_1201,2,Tourist,"New Delhi, India",1,12.06868497,9.589320417,0,3
524,RaghunathaanS,2,None,"Indore, India",2,78.59537037,127.0565208,32,
525,mohitcsc1234,2,None,"Uttar Pradesh, India",2,27.61969287,91.93395051,4,
526,GamangoD,2,Resident,"New Delhi, India",1,0,0,0,
527,_Jaibhatia_jb,2,Resident,"New Delhi, India",1,0.827171404,1.392093628,0,
528,jrohit51,2,None,"New Delhi, India",1,226.3725307,465.533324,2,0.1
529,Thesweatarena11,2,Tourist,"New Delhi, India",1,134.8350009,330.1751026,29,0.690909091
530,NitinBhiwadi,2,None,"Bhiwadi, India",2,14.90546896,24.39613391,0,
531,KshastraGroup,2,None,"New Delhi, India",1,238.3242292,662.4228638,4,0.172413793
532,KritisApron,2,None,"Faridabad, India",1,57.67268129,190.7811771,2,0.193548387
533,nikitasharmanik,2,Error,"New Delhi, India",1,3361.436128,3881.223102,2,4
534,govindM85825126,2,None,"Uttar Pradesh, India",2,0.209352554,0.883932416,0,
535,Attire_KunalSid,2,Error,Falagship Store In Pitam Pura.,1,0.042363046,0.275081157,0,
536,vaibhavjainn,2,Tourist,New Delhi,1,117.7192963,428.8518738,303,0.419662509
537,anuj_sharmaji,2,None,"New Delhi, India",1,134.1580352,133.391203,2,
538,azahar_shaik,2,None,Hyderabad ,2,131.6527679,406.2011559,42,
539,AmitAadarsh4u,2,Resident,"New Delhi, India",1,118.3030285,900.5865393,17,2.785714286
540,VirenChaturved1,2,None,Faridabad,1,43.3123108,11.79022118,0,
541,anujpandey541,2,Error,"New Delhi, India",1,58.14471017,128.1262829,2,0.384615385
542,chicthestyleig,2,Tourist,"New Delhi, India",1,4.678155585,8.835088471,0,2.230769231
543,masseyabhi1995,2,Resident,Not Defined,1,2.050710398,2.895061263,0,
544,vickzee,2,None,"Mumbai, India",2,583.028074,1151.465813,110,
545,USingapur,2,None,"Singapur, India",2,403.4718811,608.4477951,4,0.25
546,lalit_lks,2,Error,"New Delhi, India",1,131.7228201,310.6932147,4,5.75
547,tmj_ide_legal,2,None,Delhi,1,nan,nan,0,
548,besolves,2,Resident,"New Delhi, Delhi",1,155.0831811,371.2001775,4,5.75
549,aasif02iqbal,2,None,"Faridabad, India",1,27.54186531,62.79866446,2,
550,Bjp4Nagercoil,2,Tourist,"Nagercoil, Kanyakumari.",2,819.609586,1546.663929,116,0.127659574
551,Keshavpahariya5,2,None,"Subhash Nagar, New Delhi",1,5.372287444,8.82324401,0,
552,BanjaraKaran01,2,None,Kotputli jaipur rajasthan,2,516.1662262,nan,1,
553,sonyabarlowuk,2,Error,London,2,4965.268966,4977.202378,69,
554,mohitsinghtha17,2,None,"Ghaziabad, India",1,196.9357875,389.1597919,7,0.090909091
555,Vashunations,2,None,"Maharashtra, India",2,46.44430026,203.2196443,32,0.070175439
556,sumitsinghup,2,Tourist,"New Delhi, India",1,358.1704907,459.4055618,68,0.280487805
557,ashutosh681,2,None,"Lucknow, India",2,25.7222689,36.37678153,0,
558,hippie_in_hills,2,Tourist,"Himachal Pradesh, India",2,691.1813797,1003.450331,805,0.019743337
559,conceptsclarity,2,Error,"Gurgaon, Haryana",1,0,0,0,
560,sahibagursahane,2,Tourist,Delhi,1,980.7660108,2183.588552,85,0.418803419
561,RiderboySmazz,2,Tourist,new delhi,1,86.44819521,158.2287063,4,0.909090909
562,SurbhiMohan2,2,Error,"Delhi, India",1,7.292115943,10.31260927,0,2
563,DevilArunthakur,2,Error,Ghazibad,2,65.17320543,143.6068277,1,
564,yyadav757,2,None,"Ghiror Uttar Pradesh, India",2,50.3786582,65.67303253,3,33
565,Dmworld2k19,2,Resident,"Nirman Vihar, Delhi-110092",1,0.664926114,2.658405456,0,
566,arshshukla14,2,Tourist,"New Delhi, India",1,294.7281564,1090.558965,73,0.700787402
567,DeepakG92560189,2,None,"Akbarpur, Ambedkar Nagar, UP,",2,116.0504249,346.7302094,7,0.037735849
568,shivsatendrap1,2,None,"Ghorawal, India",2,2.653024562,12.7418201,0,
569,ModaNinja,2,None,india / usa,2,344.8963112,537.3079476,18,0.0625
570,rajukumarsaha11,2,Tourist,"New Delhi, India",1,134.439666,265.5440877,15,0.342105263
571,rana_akash09,2,Tourist,"New Delhi, India",1,741.5934714,1477.308676,84,0.007518797
572,lostbandar,2,Tourist,"Gurgaon, India",1,580.3292646,1507.623422,176,0.210909091
573,rimonmanish,2,Resident,"New Delhi, India",1,242.3927076,556.461473,3,3.75
574,mclangoo,2,Tourist,New Delhi India ,1,196.6670606,1167.514085,28,0.035714286
575,sboral,2,Resident,New Delhi,1,156.6318223,415.2749248,27,3.306122449
576,akhil_jeet0909,2,None,"Lucknow india, Mumbai india ",1,170.8984922,315.9570119,56,0.009803922
577,vasu_aishwarya,2,Tourist,"Jodhpur, India",1,101.4641095,178.0335856,21,0.321428571
578,_Panky__,2,Tourist,"New Delhi, India",1,12.41649383,17.14078497,0,0.684210526
579,devyanikitu,2,Tourist,New Delhi,1,443.7054893,627.3927001,36,0.871794872
580,Umangmishra23,2,None,"Gurgaon, India",1,275.954962,555.4218989,14,0.023255814
581,rajuram_r,2,Resident,"New Delhi, India",1,2.831283819,0,0,
582,nupurwellwoman,2,None,"Gurgaon, India",1,64.84830048,317.2561867,6,
583,mr_uwkb,2,None,"Ongole, India",2,966.7290499,911.5789078,13,
584,_KING1001_,2,Resident,"New Delhi, India",1,1234.16138,2741.073287,7,1.923076923
585,Parag_Patel2412,2,Error,"Ahmadabad City, India",2,1231.25288,3325.333892,10,0.375
586,ubadola,2,Tourist,"New Delhi, India",1,166.3217463,330.6443852,27,0.417910448
587,Shan_5286,2,Tourist,New Delhi,1,155.2570615,374.5582401,5,0.24137931
588,pyarasadharu,2,None,"Gurgaon, India",1,3.397585837,4.009242936,0,
589,LapinozP,2,None,"Sector 83, Gurgaon, India",2,4.495622102,6.865938141,0,
590,RomitBose_Golf,2,Tourist,"New Delhi, India",1,1753.6431,4077.629581,31,1.441860465
591,TodaySadbhawna,2,Tourist,"New Delhi, India",1,919.6175735,464.6321047,6,0.4
592,GauravPathak_,2,None,"New Delhi, India",1,1183.448871,2598.731962,72,0.015706806
593,YanuHolidays,2,None,"Ahmadabad,Gujarat, India",2,1864.935891,2855.376916,37,
594,journeywithammy,2,None,"New Delhi, India",1,287.2143454,408.2529272,4,0.3
595,aniljoshi1989,2,Tourist,new delhi,1,61.15996583,196.4007855,24,0.321100917
596,parmod217,2,Resident,delhi,1,1.108938364,1.893872802,0,
597,Rajendr96830702,2,None,"Rajasthan, India",2,1280.999173,2980.165442,29,0.02173913
598,Iam_ramnaik,2,Error,"Hyderabad, India",2,4393.918097,5014.376563,13,
599,sahilm1991,2,Tourist,"Bengaluru, India",2,190.0225589,541.7032239,9,0.150684932
600,GuptaAnvesha,2,Resident,India,1,563.6118299,1594.487598,11,2.130434783
601,Cake_Central_,2,Resident,"New Delhi, India",1,0.429413818,1.814994114,0,205
602,Agnibanya,2,Tourist,Gurgaon/NCR,1,392.3541145,810.2231528,101,0.139097744
603,dj_videek,2,None,Gurgaon,1,1.352609395,1.422178959,0,
604,balabugs,2,Resident,New Delhi,1,93.8944181,347.8530186,8,0.936507937
605,breezenegi,2,None,New Delhi,1,254.4358896,462.8322839,6,
606,manozm,2,None,Delhi,1,0.366847251,0.733694501,0,
607,Jagveer68043205,2,Resident,"New Delhi, India",1,0,0,0,
608,Tansenstudy,2,Tourist,"New Delhi, India",1,933.6023471,2500.60023,74,0.205298013
609,vermayk11,2,Resident,"New Delhi, India",1,270.646114,464.0658066,18,2.210526316
610,sadanpande,2,Resident,"Delhi, India",1,120.1016915,329.8672073,37,2.391304348
611,Sateesh_sarma,2,None,kodad India ,2,168.328278,226.6342782,15,
612,djAamir4,2,Resident,"Kolkata, India",2,384.3203754,553.6927188,12,0.151515152
613,Kanchankriti_,2,Resident,"Allahabad, India",2,1292.676708,2865.94682,24,0.909090909
614,Thethinelephant,2,Tourist,India,2,104.171498,855.6985137,30,0.5917603
615,Umeshsonprabhat,2,None,"babhni Uttar Pradesh, India",2,110.1384059,220.8365321,117,0.001828154
616,iamsinghharleen,2,Tourist,"Mumbai, India",2,474.7869009,718.725701,172,0.10738255
617,vikaskadian99,2,Resident,"New Delhi, India",1,15.16931653,9.426224394,0,0.444444444
618,kmrockss,2,Error,"Delhi, India",1,120.708025,320.1700149,5,0.054054054
619,heaven_window,2,None,"Gurgaon, India",1,13.63538286,14.96451414,0,0.25
620,puneetkumar221,2,None,"Paschim Vihar, New Delhi",1,63.02625835,146.3272064,2,
621,Amarjee78863870,2,None,Sonbhadra Robertsganj,1,104.4969205,308.7783498,4,
622,DeepakKamal88,2,None,"Gurgaon, India",1,43.22529271,76.13114068,3,
623,GutoInocente,2,Tourist,BRAS?LIA - BRASIL,2,2148.994967,4180.10332,550,0.007609385
624,kk91252,2,Tourist,"New Delhi, India",1,339.9088067,1607.480807,63,0.316205534
625,drmayurjain,2,Tourist,"New Delhi, India",1,120.3290439,481.6292149,10,0.168316832
626,topindiatrips,2,Tourist,"Delhi, India",1,556.6857283,515.0194271,79,0.479452055
627,humanity_care_,2,None,"Ganganagar, India",2,87.83622596,257.6627521,63,
628,rollyanand,2,Tourist,Gurgaon,1,127.6906951,370.3614058,18,0.031007752
629,nupur05,2,Resident,"Noida, India",1,136.8199534,375.7054984,9,0.464285714
630,kanupriya_negi,2,Tourist,"Dehradun, India",2,151.6061912,254.0627571,8,0.166666667
631,TheSuryaji,2,Tourist, Mumbai India ,2,125.0022913,596.4783522,34,0.027210884
632,Brownnbeautifu1,2,None,"New Delhi, India",1,8.798279069,8.363405148,0,0.3
633,AlokChander1,2,Resident,"New Delhi, India",1,5.890545904,5.982758617,0,6
634,RVRPMUSIC,2,Resident,new delhi,1,47.52510094,163.2431544,9,6.176470588
635,mramprasad53,2,None,"Rajasthan, dausa,india",2,0.297601251,0.799399444,0,
636,luckyishere123,2,None,Faridabad,1,60.96798642,425.8784556,1,
637,almalgaurav,2,Tourist,"New Delhi,India",1,69.73281066,255.6366035,3,0.168067227
638,yolanda_dpm,2,Tourist,"Madrid, Comunidad de Madrid",2,770.0170663,2106.842869,52,
639,Im_chettu,2,None,jagityal dst :-mallial  505452,2,27.99522927,86.62627135,2,
640,chupkrbsdk,2,None,"Gurgaon, Haryana",1,1197.350603,3243.060501,21,0.02173913
641,mdfaiz8313,2,None,"New Delhi, India",1,7.66271516,6.17730253,0,1.875
642,djhappychopra,2,Tourist,DELHI,1,67.87872034,214.6794383,19,0.85106383
643,Devdutt20901526,2,Resident,"Baghpat, India",2,1.945137195,6.701669342,0,16.16666667
644,ftbltrialsindia,2,Tourist,"New Delhi, India",1,939.7700753,1251.136683,100,0.097902098
645,getkshitij,2,Tourist,"Gurgaon, Haryana, India",1,22.13857464,310.9328542,16,0.107734807
646,Hemubharatpur1,2,Error,"Gurgaon, India",1,138.2923606,336.3503421,1,
647,raghavjha3560,2,Tourist,S G M nagar faridabad ,2,5.850404967,10.47042157,0,0.142857143
648,credosian,2,Tourist,mumbai,2,404.5602207,1176.284544,214,0.029891304
649,18Vishalsingh,2,Tourist,"New Delhi, India",1,64.41969176,216.7471257,2,0.666666667
650,1148Rehan,2,None,"Mumbai, India",2,158.3926672,515.2992717,102,0.006369427
651,mr_vishu761,2,None,"Chittaurgarh, India",2,185.0325333,599.7566143,10,
652,iamshyamthakur,2,None,"New Delhi, India",1,994.3084416,1783.537124,20,0.018867925
653,hardkevin,2,Resident,Delhi,1,95.65019523,238.0221557,5,5.166666667
654,handasumit,2,Tourist,Delhi,1,116.0507641,150.6935311,7,0.8
655,Chocolate_Amans,2,Tourist,"Pinahat, India",2,52.60768455,94.83201341,4,0.25
656,ShobhitArora101,2,Tourist,"New Delhi, India",1,165.9111249,352.4486934,60,0.343195266
657,shubboy2010,2,None,Ghaziabad,1,7.245930564,7.47396478,0,
658,___V_S_K___,2,None,Belwa,2,6.591063635,19.82449367,0,
659,rahul906999,2,Resident,"New Delhi, India",1,76.17528179,134.6065851,11,1.095238095
660,supriyaajoshii,2,Tourist,mumbai - India,2,942.0453071,2044.354479,29,0.154929577
661,tinawaliaIC,2,Resident,"New Delhi, India",1,218.6687171,1426.26429,10,11.9
662,ArenaGhaziabad,2,Tourist,Chaudhary Mod Ghaziabad,1,14.88776626,67.88565534,3,0.054662379
663,vedpal_patel,2,Tourist,"Bareilly, Uttar Pradesh",2,72.28794796,298.7110469,20,0.019230769
664,nsmeena50,2,Tourist,"Alwar, India",2,3266.521769,4610.855398,20,0.481481481
665,ankitchanchal03,2,Tourist,"Mumbai, India",2,408.307862,545.7343082,57,0.414414414
666,Karan37701451,2,Error,Faridabad sector 48,2,8.620836283,14.32505656,0,
667,Naimiqbal666,2,Tourist,"Faridabad, India",2,146.1739395,831.4617935,92,0.083984375
668,Karam1509,2,Error,"New Delhi, India",1,35.31963403,104.7440122,1,1
669,ssangwan07,2,None,u.p. India,2,78.72740854,191.3412878,83,0.015486726
670,pradeepgidwani,2,Tourist,"New Delhi, India",1,633.0634492,1985.470354,51,0.025089606
671,CrossFitGurgaon,2,None,"Sector-50 Gurgaon, India",1,81.91752419,959.0920129,20,
672,subydas,2,Tourist,"New Delhi, India",1,401.4730328,882.1158333,86,0.581589958
673,amitksingh83,2,None,"delhi, india",1,725.9676758,1411.395303,16,0.09375
674,shivamshahi2013,2,Resident,west karawal nagar delhi,1,7.048719816,5.543674691,0,2.4
675,PushpendBasudev,2,None,"New Delhi, India",1,1.751503682,1.856079683,0,
676,venkat_failure,321,Resident,Hyderabad ???? Amalapuram????,2,4.259843333,56.98649689,18,0.000634518
677,sohumsutras,40,Resident,new delhi,1,40.54087564,501.7895715,36,32.08
678,poojaesthetic,26,Resident,"New Delhi, India",1,0.18348417,1.256641811,0,11.96296296
679,Dpsairy,24,Resident,"New Delhi, India",1,1.80920807,14.24196588,3,8.135416667
680,PairsonnalitesA,22,None,Asia | Australia - Pacific,2,656.8559304,1897.919,63,0.14379085
681,tmj_ide_jobs,21,Tourist,Delhi,1,5.886788981,11.08105409,0,0.111111111
682,Visheshwar56,19,Tourist,"?? ??????, ????",2,1.171996104,27.88755271,4,0.011608624
683,BALJINDER_TRBN_,17,Tourist,YamunaNagar Haryana,2,133.7982811,379.675014,79,0.03286385
684,tmj_ing_jobs,16,None,"Gurgaon, India",1,3.962944854,11.53970256,0,
685,bond007bitcoin,14,Tourist,"New Delhi, India",1,3339.978856,5200.255955,84,0.4
686,The_MrMobile,14,Resident,Not Defined,2,905.4192099,2414.142573,27,1.627118644
687,laughter_turn,14,Tourist,Not Defined,2,224.6441063,1090.495271,140,0.008710801
688,sumitmalik603,14,Resident,"New Delhi, India",1,25.21124606,176.1381554,2,49.5
689,ivishalpundhir,12,Resident,"Hathras, India",2,158.3489455,742.2591855,138,0.715846995
690,brilliantacade,11,None,New delhi,1,4.445672212,62.44091747,1,0.023923445
691,krishnastudioB1,10,Resident,India,2,45.53015475,182.0326685,2,16
692,praticram,10,Tourist,Delhi,1,239.6499315,633.5291445,154,0.016973126
693,Tapasdastnfl,10,Tourist,New Delhi,2,38.88069383,476.9398232,74,0.014787431
694,the_foodie_dad,9,Tourist,"Faridabad, India",1,170.2179803,857.31359,161,0.625678119
695,myhomeproductg1,9,Resident,india,1,432.6301388,603.1193447,39,1.909090909
696,DelhiNowMagz,9,Resident,DELHI,1,77.66487308,725.4011767,67,1.652173913
697,finelineartacad,9,None,"New Delhi, India",1,142.7875263,328.8373577,10,0.239130435
698,Pro_India_News,8,Tourist,India,2,2968.806851,3779.030842,893,0.254278729
699,carpoolworld,8,Tourist,"Joliette, QC",2,7317.599968,5185.802521,2936,0.004387339
700,Modran_News,8,Tourist,"Modran, Jalor, India",2,41.78808387,133.7407777,232,0.000539374
701,umaheshwari16,8,Resident,"Delhi, India",1,7.339993592,36.40990566,4,6.875
702,Sabri__Brothers,7,Resident,India,1,96.79962229,283.4587695,67,6.024096386
703,jollyuncle,7,Resident,Delhi,1,2.151736612,3.496863622,0,7.787234043
704,2mukeshkumarroy,7,None,"Mathura, India",2,4.477688712,8.052628097,0,
705,theemigration24,6,Resident,"Kolkata, India",2,0,0,0,
706,nagarsb,6,None,kota rajasthan,2,4.174383054,16.06827459,0,
707,mymwholesale,6,None,Delhi,1,0.000157195,0.002234164,0,
708,KingdomOfWallp1,6,None,"Gurgaon, Haryana",1,4.089730946,14.71420983,0,0.01369863
709,Haritikajewelry,6,Tourist,"India, Delhi",1,266.9934078,1775.052177,17,0.197247706
710,The_Kushwaha,6,Resident,"Delhi, India",1,190.9556015,1244.733093,9,2.529411765
711,Rexyadav1,6,Resident,"New Delhi, India",1,25.53015556,131.4039409,6,3.255319149
712,GetNailed5,6,None,Vikaspuri,1,0.007285126,0.078347771,0,
713,RusEduOfficial,6,Resident,"Delhi, India",1,1242.323954,1689.027133,25,1.631578947
714,Parag_Patel2412,6,Error,"Ahmadabad City, India",2,1231.25288,3325.333892,10,0.375
715,Kisica_lashes,5,None,New Delhi,1,76.0189602,791.2355767,1,
716,SarvpriyeF,5,Error,"Jaipur, India",2,0.379157487,0.86605673,0,
717,rnpotterys1,5,Tourist,"New Delhi, India",1,7.294759565,50.68499353,8,0.005167959
718,mehtabalam1,5,Resident,"New Delhi, India",1,68.05233865,595.151515,5,11.52
719,NehaChug2,5,Resident,"Rajasthan, India",2,0.152736879,0.567716653,0,
720,spaccanapoli108,5,Tourist,"Bareilly, Uttar Pradesh",2,195.4603949,1285.447619,70,0.003406326
721,vedpal_patel,5,Tourist,"Gurgaon, IN",1,72.28794796,298.7110469,20,0.019230769
722,vipuksh,5,None,"New Delhi, India",1,232.4774606,1217.565118,31,0.022167488
723,DWBhukkad,5,Resident,New delhi,1,82.95901764,363.1557776,15,1.21641791
724,JobsAtEricsson,5,None,"New Delhi, India",1,7172.18932,4505.491752,525,
725,SavarkarRSS,4,Error,"Agra, India",2,5.355901686,8.323554907,0,3
726,VivekKu71129488,4,None,"Rohini, New Delhi",1,1.699628321,12.40831884,0,
727,mehandiart007,4,Resident,jogither,2,47.72131787,199.1616841,7,1.761904762
728,HARENDR21921303,4,None,"New Delhi, India",1,0,0,0,
729,amanjourneymen,4,Tourist,"New Delhi, India",1,206.5216642,610.4174641,66,0.583892617
730,Amychhabra,4,Tourist,Samastipur BIHAR,2,579.1551405,1696.063936,179,0.728991597
731,vishalkumarblg,4,Tourist,"Sonipat, Haryana 131001, India",2,411.9973197,472.2147533,15,0.52173913
732,DayRiseSolar,4,None,"New Delhi, India",1,0.012340184,0.143909069,0,
733,v2gworld,4,Resident,"New Delhi, India",1,623.6678665,581.6037423,248,2.1875
734,Neereventsmang,4,Resident,"Uttam Nagar, New Delhi",1,47.06263859,187.5954995,8,3.305555556
735,indiankitchens,4,Tourist,New Delhi ,1,22.42260263,49.4321321,22,0.577494692
736,Hochwertigdecor,4,None,"Gurgaon, India",1,0.392619956,1.350253231,0,
737,WinsomeWears,4,None,"AG04, Arcadia Market, Gurgaon",1,0.118506115,0.677599123,0,
738,deepakvcreative,4,Resident,India,1,7.251695556,11.19281028,0,1.24137931
739,SagarMotors,4,None,"New Delhi, India",1,2.91E-05,0.000563421,0,
740,Abhijeet_Roy__,4,Tourist,"New Delhi, India",1,836.5177841,1559.582739,47,0.977272727
741,chandanda,4,Tourist,India,2,300.6508081,1495.622982,46,0.044921875
742,CHATTER57435444,4,None,"New Delhi, India",1,267.1700719,360.2297644,5,0.272727273
743,unique_unique17,3,None,Gurgoan,1,0.609798116,1.218826218,0,
744,photoshaala,3,Tourist,"New Delhi, India",1,143.5371583,300.1528939,17,0.928571429
745,iamkushmusic,3,Resident,"New Delhi, India",1,7.788262417,27.91889062,2,1.666666667
746,sahilm1991,3,Tourist,"Bengaluru, India",2,190.0225589,541.7032239,9,0.150684932
747,PankajY33284340,3,Resident,"Ghaziabad, India",1,125.1974786,193.2763159,6,2.5
748,royyhenderson,3,None,New Delhi,1,155.0702244,392.2721268,47,0.054263566
749,mukulrock007,3,Tourist,"New Delhi, India",1,744.0201954,2677.211513,20,0.405405405
750,abhi_dev_96,3,Tourist,Delhi NCR,1,80.27474325,266.245394,1,0.266666667
751,sandeep20012,3,Tourist,new delhi,1,41.42504122,264.2772151,10,0.007177033
752,tmj_ide_sales,3,Error,Delhi,1,0,0,0,
753,Devdutt20901526,3,Resident,"Baghpat, India",2,1.945137195,6.701669342,0,16.16666667
754,Xpertimages,3,Resident,New Delhi,1,125.9899077,356.0611603,5,2
755,SirbhuvneshJi,3,Tourist,"????, ????",2,3263.178295,4760.521608,498,0.102766798
756,ishantdudeja,3,Tourist,"Gurgaon, India",1,28.67755681,72.49383512,4,0.025
757,fahmida_ali,3,Resident,New Delhi,1,4.145503783,7.968407297,0,4
758,AKAARO,3,Tourist,new delhi,1,1455.334133,2877.877553,111,0.805882353
759,MrSethiJi,3,None,New Delhi India,1,200.7789712,482.4228891,14,0.541666667
760,cocoon_kapas,3,None,"Gurgaon, India",1,0.316568011,0.567557515,0,
761,kirtisingh9868,3,Resident,India,1,0.348103965,1.347451651,0,31
762,flyplanett,3,None,"New Delhi, India",1,1238.186312,2883.321718,168,0.157894737
763,paulwitneyphoto,3,Error,"Limousin, France & Ruddington,",2,850.4699215,2203.703345,79,0.085173502
764,AmitAadarsh4u,3,Resident,"New Delhi, India",1,118.3030285,900.5865393,17,2.785714286
765,avibhardwaz,3,Tourist,"New Delhi, India",1,6.321196815,6.954886638,0,1.583333333
766,mukeshStimulus,3,Tourist,Delhi India,1,158.6413951,451.2752366,4,2.7
767,soulamit,3,Resident,New Delhi India,1,81.98266142,411.6226269,49,1.618473896
768,agnihotry_harsh,3,None,Kanpur.   (India),2,3.106392027,3.213969576,0,
769,tmj_ide_eng,3,None,Delhi,1,14.66289596,18.42483384,0,
770,Prerna98765,3,Resident,"New Delhi, India",1,12.04520732,69.83801617,4,41.66666667
771,Fernandovaganov,3,Resident,INDIA,1,3098.657814,4176.070713,37,2
772,NUTRITION_WRLD,3,Resident,New Delhi,1,25.81570385,156.6574076,8,8.772727273
773,AnkitSi55699648,3,Resident,"New Delhi, India",1,23.89043989,165.1309717,5,12.3
774,farm_noida,3,Tourist,noida ,2,4.264044793,6.23573242,0,0.222222222
775,KashyapClinic,3,None,"New Delhi, India",1,0,0,0,
776,swaplovee,3,Resident,New Delhi,1,303.0884305,1619.304293,186,1.695652174
777,Patton_Yu,3,None,UK,2,1340.03088,2340.001249,55,
778,InSONAMiac,3,Resident,New Delhi,1,2201.149476,4493.770786,17,3.636363636
779,NewsquesIndia,3,Tourist,"New Delhi, India",1,3342.299101,5140.309512,78,0.364864865
780,propertywala,3,Tourist,India,2,793.0243208,620.0868178,2299,0.01127321
781,a_decorators,3,None,jodhpur /bap,2,122.3194952,201.3847466,189,0.002040816
782,vaibhavjainn,3,Tourist,New Delhi,1,117.7192963,428.8518738,303,0.419662509
783,credosian,3,Tourist,mumbai,2,404.5602207,1176.284544,214,0.029891304
784,harjeeeet,3,Resident,New Delhi,1,1.092605859,1.785420363,0,
785,Umeshsonprabhat,3,None,"babhni Uttar Pradesh, India",2,110.1384059,220.8365321,117,0.001828154
786,AneeshKalsi,3,Tourist,new delhi,1,618.6565169,2136.036242,90,0.661676647
787,amit71writes,3,None,"Gurgaon, India",1,0,0,0,
788,degrees_361,2,Resident,New Delhi,1,256.5286754,1062.030339,73,0.469565217
789,KathitGupta,2,Tourist,"Chandigarh, India",2,60.58246884,188.8156944,23,0.043478261
790,Agnibanya,2,Tourist,Gurgaon/NCR,1,392.3541145,810.2231528,101,0.139097744
791,ftbltrialsindia,2,Tourist,"New Delhi, India",1,939.7700753,1251.136683,100,0.097902098
792,vikaskhair,2,Resident,"New Delhi, India",1,159.5402291,870.0794788,80,1.564885496
793,AsifAlam2003,2,None,"Sector 17, Gurgaon",1,0.237795798,0.205937202,0,
794,Darshanroy142,2,Tourist,"Wazirpur Industrial Area, New ",1,229.6762974,1180.560098,61,0.206718346
795,naagararun71,2,Tourist,"Delhi, India",1,152.7164464,283.5487036,12,0.791666667
796,wowgurugram,2,Error,"Metropolitan Mall, Gurugram",2,0,0,0,
797,GreensFlorist,2,Resident,New Delhi India,1,2.187106848,12.89731942,0,49
798,bafelacademy,2,None,Delhi,1,422.6492898,670.7773603,72,0.083333333
799,ishansaxena2407,2,Tourist,Delhi,1,272.6079967,748.5228278,52,0.141242938
800,artcentrixspace,2,Error,"Vasant Kunj, New Delhi",1,0.943831654,3.730422101,0,0.052631579
801,kohlivinay20,2,Tourist,"Delhi, India",1,11.52063982,157.2212346,11,0.049202128
802,Shreyascoll,2,None,"Sitarganj, India",2,1.523580581,13.87174046,2,
803,smartkailashlhr,2,None,"Kapasan, India",1,255.83134,1048.158855,4,
804,somkamail,2,Tourist,New Delhi,1,119.5741367,214.9173946,13,0.633333333
805,AvanieSJoshi,2,Tourist,Mumbai,2,334.1370062,748.9330196,32,0.964285714
806,JacksonAzhar,2,Tourist,"Hyderabad, India",2,481.3256471,1098.784356,833,0.003814974
807,shwetadas9560,2,Tourist,New delhi,1,4.795146649,4.53554119,0,0.866666667
808,Deepanjal96,2,Resident,Delhi,1,1879.509495,3959.978441,30,3.074074074
809,DanzaManish,2,Resident,"New Delhi, India",1,200.4930369,454.4861134,23,2.6875
810,RootsTale,2,None,"Vasundhara Enclave, New Delhi",1,12.03438359,120.3438359,1,
811,Shridharuni,2,None,"Pilani, Rajasthan",2,6.636263451,26.5728145,2,
812,utsavdas21,2,None,Gurgaon,1,27.52963997,89.58957425,4,
813,DepremDunya,2,None,Trkiye,2,7887.757267,5795.615495,2677,
814,Fashiondeal7,2,Tourist,New Delhi,1,87.86170733,259.7273931,8,4.2
815,gymnastdeepesh,2,Resident,"New Delhi, India",2,32.05392901,77.62226284,6,5.714285714
816,Vishal_guptaz,2,None,"Sultanpuri, New Delhi",1,163.8868893,897.4552393,2,
817,Edunommedia,2,Resident,New Delhi,1,2.154725022,4.380194321,0,
818,Aadharshila01,2,None,"sector 2 faridabad, Sector-3 , Ballabgarh 121004",2,1.562547388,5.367929661,0,0.008695652
819,hariomtiwari660,2,Resident,"Gaya, India",2,242.2256993,391.4235299,6,2.666666667
820,bbarajivdixit,2,Tourist,"Jharkhand, India",2,980.2720567,1363.499666,35,0.454545455
821,dranmolchugh,2,Tourist,"New Delhi, India",1,53.08512742,228.9519802,4,0.098765432
822,iZamindaarSaheb,2,Tourist,"Kolkata, India",2,284.9462053,1043.488538,162,0.370283019
823,ankitchanchal03,2,Tourist,"Mumbai, India",2,408.307862,545.7343082,57,0.414414414
824,deeper_inkject,2,None,"Laxmi Nagar, New Delhi",1,4.343240249,47.14227793,4,0.004761905
825,SinghRauky,2,Error,"New Delhi, India",1,10.69804393,0,0,
826,scottoliverwebb,2,None,Essex ,2,1697.35244,3388.684353,328,0.101928375
827,Parammlp,2,Resident,"New Delhi, India",1,153.055673,1024.098852,80,4.237288136
828,Naimiqbal666,2,Tourist,"Faridabad, India",2,146.0711318,827.5931615,93,0.083011583
829,Shivanshukoliji,2,Resident,"Ghaziabad, India",2,10.99260439,33.63561733,2,11.5
830,justkadir,2,Error,New Delhi,1,4.145055957,5.861994352,0,2
831,cosmostat,2,Tourist,Delhi,1,934.2375815,2316.306566,39,0.264705882
832,ayulifeindia,2,None,"Vatika City Mkt, Sec-49, GGM",1,4.586895665,4.971969967,0,
833,FrustrateEngg,2,Tourist,indore bhopal mumbai india,2,68.49123405,184.9728816,21,0.076271186
834,TheCakesPort,2,None,Laxmi Nagar Vihar Delhi 110092,1,0.120774018,0.181715517,0,
835,TazzTabrez,2,Error,"Kanker, India",2,0,nan,0,
836,youngnewfaces,2,Tourist,"New Delhi, India",1,2559.718101,4463.853472,27,0.407407407
837,Mrsurjeetsingh_,2,Resident,"New Delhi, India",1,923.0183029,3614.720703,6,2.5
838,BindaasMewati,2,None,"Haryana, India",2,256.3466973,429.7655877,4,
839,jrohit51,2,None,"New Delhi, India",1,226.3725307,465.533324,2,0.1
840,GuptaDentalCent,2,Resident,"Jangpura, New Delhi",1,0,0,0,
841,nazrana_zaike_,2,Error,India,2,905.4547306,2931.670748,25,0.488888889
842,jetleypggirls,2,Resident,"Greater Kailash-1, New Delhi.",1,0.170578801,1.274894443,0,114
843,GauravPhogat1,2,None,New Delhi,1,189.0022426,1074.962977,7,0.634615385
844,chefdmsbajaj,2,Resident,Gurgaon ,1,154.543177,964.7325744,41,1.002808989
845,18Vishalsingh,2,Tourist,"New Delhi, India",1,64.41969176,216.7471257,2,0.666666667
846,Kashish_Dhaakad,2,None,"Baran, India",2,317.7772625,343.2085237,8,
847,bootscrampons,2,Tourist,"New Delhi, India ",1,784.6421864,921.9144134,35,0.290322581
848,JaneAlamTurk,2,Error,"New Delhi, India",1,35.06604977,58.58263618,1,1.25
849,DRFbydevpanwar,2,Tourist,"New Delhi, India",1,279.2073156,906.3161318,173,0.538317757
850,manishseth,2,Resident,"New Delhi , India",1,349.2972744,1496.553026,145,2.559139785
851,Mohamma29743165,2,None,"Rudauli, India",2,5.587960682,5.076822803,0,
852,UttarakhandHeav,2,Tourist,Uttarakhand,2,560.2629928,2160.833454,637,0.059384942
853,vineet4560,2,Resident,"New Delhi, India",1,0,0,0,
854,1469original,2,Resident,Panjab,2,826.2750898,2589.984172,225,2.591397849
855,Chinmayajyotish,2,Error,"Ghaziabad, India",1,0.052671441,0.117776922,0,
856,sudhirggarg,2,None,Jaipur India,2,282.1952155,1019.604171,196,0.005333333
857,Shraybee,2,Tourist,"New Delhi, India",1,2018.535757,4662.873124,23,0.640625
858,ubadola,2,Tourist,"New Delhi, India",1,166.3217463,330.6443852,27,0.417910448
859,Skywalkcompany,2,Tourist,"Showroom no:205,2nd Floor,DMall,Netaji Subhash Place,New Delhi, India",1,602.4455105,1146.349275,40,0.088607595
860,balveerk99,2,None,India,2,85.97291008,185.23763,33,
861,DeepakCh9708645,2,Resident,"Karol Bagh, New Delhi",1,53.59671384,195.0840302,45,1.74611399
862,PrincemaxXtreme,2,None,"New Delhi, India",1,130.2333119,287.2203921,7,
863,Anisha_0790,2,None,"Houston, TX",2,1895.683989,4725.024266,5,
864,Surya_P_Tiwari,2,None,"Lucknow, India",2,84.79438167,230.3957346,2,
865,Chandra33717075,2,Resident,new Delhi India,1,37.91630923,138.6337523,36,1.347560976
866,tjp_faheem_417,2,None,"Uttar Pradesh, India",2,243.7958986,357.4439801,13,
867,almalgaurav,2,Resident,"New Delhi,India",1,68.58209395,253.4927691,3,0.933333333
868,venkat_failure,421,Resident,Hyderabad ???? Amalapuram????,2,4.259843333,56.98649689,18,0.000634518
869,praticram,90,Tourist,Delhi,1,239.6499315,633.5291445,154,0.016973126
870,sohumsutras,58,Resident,new delhi,1,40.54087564,501.7895715,36,32.08
871,PairsonnalitesA,42,None,Asia | Australia - Pacific,2,644.3579484,1883.629062,61,0.146341463
872,tmj_ide_jobs,42,Tourist,Delhi,1,5.739619257,10.97759816,0,0.108108108
873,Dpsairy,40,Resident,"New Delhi, India",1,1.80920807,14.24196588,3,8.135416667
874,tmj_ing_jobs,39,None,"Gurgaon, India",1,4.073026656,11.68367516,0,
875,poojaesthetic,36,Resident,"New Delhi, India",1,0.18348417,1.256641811,0,11.96296296
876,Navpreet_R,34,None,"New Delhi, India",1,0,0,0,
877,kishanm05,31,Tourist,"Jaipur, India.",2,67.90067485,311.4995271,141,
878,Tapasdastnfl,28,Tourist,New Delhi,1,38.88069383,476.9398232,74,
879,Visheshwar56,28,Tourist,"?? ??????, ????",1,1.171996104,27.88755271,4,0.011608624
880,carpoolworld,25,Tourist,"Joliette, QC",2,7314.156595,5188.835242,2975,0.004329004
881,vikaskhair,25,Resident,"New Delhi, India",1,159.5402291,870.0794788,80,1.564885496
882,thevirat1993,25,Tourist,Kanpur Uttar Pradesh,2,97.59870178,663.5041683,214,0.003924647
883,JyotiMalikJaat1,23,Resident,"New Delhi, India",1,3.517802682,8.443054251,1,11.15789474
884,bond007bitcoin,23,Tourist,"New Delhi, India",1,3339.978856,5200.255955,84,0.4
885,rnpotterys1,22,Tourist,"Jaipur, India",2,7.294759565,50.68499353,8,0.005167959
886,jollyuncle,20,Resident,Delhi,1,2.151736612,3.496863622,0,7.787234043
887,kohlivinay20,18,Tourist,"Delhi, India",1,11.52063982,157.2212346,11,0.049202128
888,JatlandBong,17,None,"Gurgaon, India",1,92.86897729,814.5449166,15,0.001193317
889,quickmyshopdeal,17,None,"Gurgaon, India",1,0,0,0,
890,Modran_News,16,Tourist,"Modran, Jalor, India",2,41.78808387,133.7407777,232,0.000539374
891,sumitmalik603,16,Resident,"New Delhi, India",1,25.21124606,176.1381554,2,49.5
892,Amychhabra,13,Tourist,"New Delhi, India",1,579.1551405,1696.063936,179,0.728991597
893,umaheshwari16,12,Resident,"Delhi, India",1,7.339993592,36.40990566,4,6.875
894,Sabri__Brothers,12,Resident,India,2,96.79962229,283.4587695,67,6.024096386
895,the_foodie_dad,12,Tourist,"Faridabad, India",1,170.2179803,857.31359,161,0.625678119
896,gya_prasad,11,None,Kirari Suleman Nagar Delhi,1,11.46456834,42.01839088,3,0.097560976
897,Vashunations,11,None,"Maharashtra, India",2,46.01226026,202.3192632,32,0.069478908
898,paulwitneyphoto,11,Error,"Limousin, France & Ruddington,",2,850.4699215,2203.703345,79,0.085173502
899,Pro_India_News,11,Tourist,India,2,2968.806851,3779.030842,893,0.254278729
900,unsaidwords_19,10,Resident,New Delhi India,1,94.11892741,827.0258935,148,7.376205788
901,HassanAliMaths1,10,None,"Ghaziabad, India",2,0.007185226,0.071738051,0,
902,propertywala,10,Tourist,India,2,793.0243208,620.0868178,2299,0.01127321
903,thukralvarun,9,Resident,"New Delhi, India",1,3.071304661,26.25105597,2,76
904,vipuksh,9,None,"Gurgaon, IN",1,232.4774606,1217.565118,31,0.022167488
905,WoodscapesFurn,9,None,"New Delhi, India",1,0.022739714,0.207114818,0,
906,SagarMotors,9,None,"New Delhi, India",1,2.90E-05,0.000562671,0,0.134453782
907,animeriaowner,8,Tourist,"New Delhi, India",1,18.79912347,138.6471795,2,
908,GetNailed5,8,None,Vikaspuri,2,0.007285126,0.078347771,0,
909,dnmishra0009,8,None,New Delhi ,1,18.77427754,53.62792616,4,0.22
910,FnSbuzz,8,Resident,New Delhi,1,49.61301098,431.2643138,14,4.652631579
911,Bjp4Nagercoil,8,Tourist,"Nagercoil, Kanyakumari.",2,819.609586,1546.663929,116,0.127659574
912,LivfitI,8,Tourist,"New Delhi, India",1,5.587179043,28.02270988,2,0.155339806
913,KingdomOfWallp1,8,None,"Gurgaon, Haryana",1,4.089730946,14.71420983,0,0.01369863
914,Shafiuharmless2,8,Resident,"New Delhi, India",1,0,0,0,
915,shivsatendrap1,7,None,"Ghorawal, India",2,2.653024562,12.7418201,0,
916,sandeep20012,7,Tourist,new delhi,1,41.42504122,264.2772151,10,0.007177033
917,Parag_Patel2412,7,Error,"Ahmadabad City, India",1,1231.25288,3325.333892,10,0.375
918,1sachin0,7,Error,India,2,19.69782884,66.59974151,1,18
919,killer_ratings,7,Error,"Delhi , India ",1,18.79264296,126.0648814,1,45
920,indiankitchens,7,Tourist,New Delhi,1,22.41222705,49.39962039,22,0.579617834
921,ankitchanchal03,6,Tourist,"Mumbai, India",2,408.307862,545.7343082,57,0.414414414
922,royyhenderson,6,None,New Delhi,1,155.0702244,392.2721268,47,0.054263566
923,AkshBirla,6,Resident,"New Delhi, India",1,282.2502998,685.1674409,11,1.47826087
924,PostmanPublic,6,None,New delhi,1,34.68570778,171.6497376,2,
925,a_decorators,6,None,jodhpur /bap,2,122.3194952,201.3847466,189,0.002040816
926,xinjiangcamps,6,Error,Xinjiang,2,605.737153,342.5820028,107,
927,Cake_Central_,6,Resident,"New Delhi, India",1,0.429413818,1.814994114,0,205
928,devild88,6,Tourist,India,2,3.945329438,7.750067009,0,0.043010753
929,mymwholesale,6,None,Delhi,1,0.000157195,0.002234164,0,
930,hardkevin,6,Resident,Delhi,1,95.65019523,238.0221557,5,5.166666667
931,BilalTennisPro,6,Tourist,New Delhi,1,179.5804086,717.8032673,19,1.517241379
932,PlateOfDelight,6,Resident,"New Delhi, India",1,268.4244564,765.9258274,29,3.044444444
933,asr182,6,Tourist,India,1,89.17287195,257.9400808,73,0.248587571
934,YSainyam,6,None,Julurupadu,2,0.160236234,0.751574557,0,
935,KritisApron,6,None,"Faridabad, India",2,57.67268129,190.7811771,2,0.193548387
936,besolves,6,Resident,"New Delhi, Delhi",1,155.0831811,371.2001775,4,5.75
937,alssolicitors,6,Tourist,New Delhi,1,210.6009503,411.5345027,50,0.274390244
938,Rexyadav1,6,Resident,"New Delhi, India",1,25.53015556,131.4039409,6,3.255319149
939,9lRmwPFsBjoNtU1,6,None,"Rajasthan, India",2,4.166650258,20.4079039,2,
940,tmj_ide_sales,6,Error,Delhi,1,0,0,0,
941,TechnicalUstaaj,5,None,"Gurgaon, India",1,1.643076635,4.515704738,0,0.04
942,Sentinel2Bot,5,None,Sun-synchronous orbit,2,8875.938718,4394.78321,3224,
943,SarvpriyeF,5,Error,New Delhi,1,0.379157487,0.86605673,0,
944,rkfma,5,Resident,"New Delhi, India",1,47.38422553,178.0929653,10,0.330769231
945,Mularam_patel15,5,None,???????? ,2,13.53142184,54.01878411,3,
946,SBBJITSOLUTION,5,Tourist,Delhi,1,0.745475256,2.712385062,0,0.181102362
947,Xpertimages,5,Resident,New Delhi,1,125.9899077,356.0611603,5,2
948,FictionalWorm,5,Resident,"Delhi, India",1,85.84612034,457.51936,57,12.65116279
949,VermaAashna,5,Resident,DELHI,1,86.68863277,553.5433698,44,4.894736842
950,fuchsia109,5,Resident,new delhi,1,272.9007418,888.5847097,94,2.68159204
951,diptijha5,5,Resident,"New Delhi, India",1,154.9303019,741.0930855,6,2.333333333
952,Kisica_lashes,5,None,People's Republic of China,2,76.0189602,791.2355767,1,
953,maniprakash91,5,Tourist,Jaipur,2,170.3874182,879.4865091,161,0.005660377
954,PizzaCaribbean,5,None,"Sohna, India",2,0,0,0,
955,yashveerkhaspur,5,Tourist,India,2,56.99661128,74.8684608,64,0.242424242
956,v2gworld,5,Resident,"New Delhi, India",1,622.3091129,581.6973084,248,2.194444444
957,imkLucky,5,None,"Haridwar, India",2,49.83897753,75.53224693,25,
958,1469original,5,Resident,Panjab,2,826.2750898,2589.984172,225,2.591397849
959,DreamHomezReal1,5,Error,"Uttam Nagar, New Delhi",1,1.93601342,5.194444931,0,0.083333333
960,tymurmusic,5,None,"New Delhi, India",1,72.44487541,105.7088205,7,0.25
961,abhinahal,4,Tourist,new delhi,1,352.5744082,261.7935147,39,0.243902439
962,debanjan_pt,4,None,Delhi,1,0.25938164,1.316658627,0,
963,Mr_Ajju_,4,Tourist,najafgarh new delhi~43,1,3.714108657,7.842690388,0,0.169811321
964,haoweiwannawin,4,None,"San Diego, CA",2,25.99230219,378.0305972,31,
965,rock_n_rolla10,4,Tourist,India,2,456.5484308,1424.182843,416,0.032154341
966,Inddanstheater,4,Resident,India,2,42.89037315,212.0030327,2,6
967,Patton_Yu,4,None,UK,2,1340.03088,2340.001249,55,
968,Froozbaba,4,Tourist,"New Delhi, India",1,25.46584615,109.7054339,6,1.032258065
969,RusEduOfficial,4,Resident,"Delhi, India",1,1242.323954,1689.027133,25,1.631578947
970,AnkitSi55699648,4,Resident,"New Delhi, India",1,23.89043989,165.1309717,5,12.3
971,KashyapClinic,4,None,"New Delhi, India",1,0,0,0,
972,mdtayyabj,4,None,"New Delhi, India",1,11.73019064,19.95681217,0,0.230769231
973,Neereventsmang,4,Resident,"Uttam Nagar, New Delhi",1,47.06263859,187.5954995,8,3.305555556
974,tamannayansari,4,Resident,"Karol Bagh, New Delhi",1,462.7413002,1313.065813,8,1.75
975,GurugramF,4,None,India,2,26.78730455,128.990194,3,0.074380165
976,N_raghuvanshi1,4,None,"New Delhi, India",1,406.9553242,951.86356,17,0.163636364
977,navaneet_annu,4,None,"Sahibabad Village, Ghaziabad",2,49.99902107,78.52698653,2,
978,AneeshKalsi,4,Tourist,new delhi,1,618.6565169,2136.036242,90,0.661676647
979,ManakRaj6,4,Resident,"New Delhi, India",1,0.76607237,2.357921003,0,20
980,tmj_ide_eng,4,None,Delhi,1,13.32990542,18.04877726,0,
981,thedapperstreet,4,Tourist,"New Delhi, India",1,681.6613663,1970.332289,131,0.976653696
982,VickyKumar99348,4,Error,"New Delhi, India",1,49.74523135,205.1048432,1,2.6
983,BhairiYadav,4,None,"Metpalli, India",2,61.57309503,115.1292502,8,
984,rockstar_sayra,4,Error,"Gurgaon, India",2,1195.586184,2738.727849,4,
985,avneeshjaswal,4,Resident,"New Delhi, India",1,21.90572677,177.9544197,6,7.625
986,AmitPnf,4,Tourist,"East of Kailash, New Delhi",1,8.019428417,9.188733077,0,1.086956522
987,digitalaryann,4,Tourist,"Ghaziabad, India",2,570.5579777,680.6159267,7,0.25
988,Fernandovaganov,4,Resident,INDIA,2,3064.228283,4165.369342,37,2.033333333
989,Santosh34793630,4,Error,"Marutikunj, Gurgaon",2,55.86248481,102.4438305,2,0.111111111
990,ashucisf,4,Tourist,"New Delhi, India",1,83.25218249,361.0134455,3,4.666666667
991,Agnibanya,4,Tourist,Gurgaon/NCR,1,392.3541145,810.2231528,101,0.139097744
992,TadkewaliLife,4,Tourist,"New Delhi, India",1,139.9495566,320.035264,83,0.748971193
993,kushanmitra,4,Resident,"New Delhi, India",1,588.9299937,1289.023063,12,0.85
994,minutenews_,4,Tourist,Not Defined,2,2975.01123,3905.752897,365,0.130081301
995,amanjourneymen,4,Tourist,"New Delhi, India",1,206.5216642,610.4174641,66,0.583892617
996,mukeshdoriwal,4,None,Gurgaon,1,0.590336377,1.113741952,0,
997,tmj_ide_adv,4,Error,Delhi,1,0,0,0,
998,humanity_care_,4,None,"Ganganagar, India",2,89.42555265,260.2490833,64,
999,AtulBLG,4,None,"Chhapar, India",2,1.26878801,5.043611984,0,
1000,AyushTravels,4,None,"Port Blair, India",2,841.5375409,1081.308444,7,0.416666667
1001,toyhomein,4,None,"Ghaziabad, Uttar Pradesh",2,162.8759054,342.3597156,110,0.003350084
1002,tanay3264,4,Resident,"New Delhi, India",1,55.23007812,172.3634166,4,2.3125
1003,GoldenBihari,4,None,"Vikas Puri, New Delhi",1,165.4486756,349.6703341,20,0.016393443
1004,ANXMEDIA,4,Tourist,"New Delhi, India",1,1045.141124,2431.508081,66,0.411111111
1005,iNealMehra,4,Resident,Delhi,1,45.60471827,109.7192643,2,0.888888889
1006,chicthestyleig,4,Tourist,"New Delhi, India",1,5.045770468,9.405856686,0,2.148148148
1007,Haritikajewelry,4,Tourist,"India, Delhi",1,266.9934078,1775.052177,17,0.197247706
1008,RahulpoddarG,3,Tourist,"Rohini, New Delhi",1,3.743795939,6.19007556,0,0.47826087
1009,CDhilwal,3,Tourist,"New Delhi, India",1,50.74451901,374.4416024,2,0.089285714
1010,Amartya4uh,3,Tourist,"Bhagirathpur, Samastipur,Bihar",2,19.57565529,83.96458964,10,0.273333333
1011,pyarasadharu,3,None,"Gurgaon, India",1,3.397585837,4.009242936,0,
1012,lifelinepathlab,3,Resident,"Green Park, New Delhi",1,4.784874244,62.18265327,2,89.75
1013,KiranSharmaBjp1,3,Tourist,"Delhi, India ",1,1.738904598,3.525371871,0,0.394736842
1014,rahulguptaraj12,3,Resident,"New Delhi, India",1,18.77141063,12.52707718,0,1.5
1015,yuvhrajsingh,3,Resident,New Delhi ,1,229.8642678,638.1644687,14,2.375
1016,mukeshkumarj991,3,None,raila,2,6.715055634,12.5702919,0,
1017,ramakantrao,3,Tourist,"New Delhi, India",1,34.4512084,192.2303323,2,0.028985507
1018,scottoliverwebb,3,None,Essex ,2,1697.35244,3388.684353,328,0.101928375
1019,_PatrickDei_,3,None,"Barcelona, Espaa",2,447.0812304,1779.686106,4,0.046153846
1020,gamer_khanna,3,Resident,"New Delhi, India",1,1.268879166,3.442212934,0,32
1021,nisha_tarot,3,Tourist,India,2,441.8889164,2215.533435,40,0.030364372
1022,SunilKu28391709,3,Tourist,Fatehpur sikri Agra ,2,2.497585125,4.157370305,0,
1023,BlissAvenues,3,Tourist,"New Delhi, India",1,43.80795646,179.9717395,16,1.388059701
1024,HARENDR21921303,3,None,jogither,2,0,0,0,
1025,JindalMediSurge,3,Resident,"INDIA, NEW DELHI",1,0,0,0,
1026,ayulifeindia,3,None,"Vatika City Mkt, Sec-49, GGM",1,4.586895665,4.971969967,0,
1027,SharmaMunishwar,3,Resident,New Delhi.,1,49.45031668,221.1876616,8,3
1028,Jodhpurwalesir,3,None,"Jodhpur, India",2,0,0,0,
1029,rkchadda,3,Tourist,Toronto,2,2959.842184,4831.838647,1658,0.13433908
1030,deepanshu211997,3,None,"Pukhrayan, India",2,1.574101763,2.847657234,0,
1031,GuptaDentalCent,3,Resident,"Jangpura, New Delhi",2,0,0,0,
1032,cosmostat,3,Tourist,Delhi,1,934.2375815,2316.306566,39,0.264705882
1033,NAVEENLOKE,3,Tourist,"New Delhi, India",1,2.188437453,3.932783667,0,0.026315789
1034,Thethinelephant,3,Tourist,India,2,104.171498,855.6985137,30,0.5917603
1035,foodban78331522,3,Tourist,"New Delhi, India",1,0.527415191,2.784826542,0,0.098765432
1036,tapanarya,3,Resident,"New Delhi, India",1,7.751043792,7.826390951,0,2
1037,khanashraf043,3,Tourist,New delhi,1,6.353599509,73.08230855,8,1.125211506
1038,brilliantacade,3,None,New delhi,1,4.445672212,62.44091747,1,0.023923445
1039,Chandra33717075,3,Resident,new Delhi India,1,37.91630923,138.6337523,36,1.347560976
1040,quete_tallerlit,3,None,Argentina,2,2940.180526,6028.908051,19,
1041,TriptiCharan,3,Error,"New Delhi, India",1,2866.048614,1513.627763,5,0.166666667
1042,Anisha_0790,3,None,"Houston, TX",2,1895.683989,4725.024266,5,
1043,iamshyamthakur,3,None,"New Delhi, India",1,994.3084416,1783.537124,20,0.018867925
1044,azahar_shaik,3,None,Hyderabad ,2,131.6527679,406.2011559,42,
1045,HimanshuDave20,3,Tourist,"Sirohi, Rajsthan, India",2,51.29113029,153.8114091,90,0.083120205
1046,M_Adeel_17,3,Error,surakhi dadyal,2,498.6828385,557.6056956,9,
1047,Darshanroy142,3,Tourist,"Wazirpur Industrial Area, New ",1,229.6762974,1180.560098,61,0.206718346
1048,Digital_Sudhir,3,Tourist,"Faridabad, India",2,884.7188559,2736.963462,56,0.190140845
1049,yadavcranes18,3,None,India,2,34.28701846,101.6583528,7,
1050,cocoon_kapas,3,None,"Gurgaon, India",1,0.316568011,0.567557515,0,
1051,sidharth_09,3,Tourist,New Delhi,1,1353.628869,2542.812524,131,0.607843137
1052,patrickchowjr,3,Resident,"New Delhi, India",1,3.358304573,4.099035024,0,0.904761905
1053,jitende94514948,3,Error,"New Delhi, India",1,15.05887141,9.145968662,0,0.6
1054,sandeep_kapoor0,3,Tourist,delhi,1,660.8641045,746.6255424,1077,0.037910699
1055,dietdimaadi,3,Tourist,NEW DELHI,1,96.5092391,509.1047201,4,0.280373832
1056,Naimiqbal666,3,Tourist,"Faridabad, India",1,146.0711318,827.5931615,93,0.083011583
1057,Shraybee,3,Tourist,"New Delhi, India",1,2018.535757,4662.873124,23,0.640625
1058,thatmodestsoul,3,Resident,"New Delhi, India",1,60.40564099,197.9280166,10,1.263157895
1059,pushpendrabasu,3,Tourist,"New Delhi, India",1,328.4334368,1591.187561,8,0.215686275
1060,chatpatishikha,3,Tourist,"New Delhi, India",1,773.4017637,1973.953947,233,0.221556886
1061,shashank011del,2,Resident,"New Delhi, India",1,1.993202185,2.818813563,0,
1062,POORNACHANDERK,2,None,Regode Medak Dist,2,22.37466439,57.90435795,2,
1063,faizansayed07,2,Tourist,"New Delhi, India",1,115.0870802,413.9067317,9,0.115384615
1064,SuperEgoist_91,2,Tourist,"New Delhi , India",1,1063.718394,3139.906558,30,0.37704918
1065,UmeedKiKiranNGO,2,None,"Rohini, New Delhi",1,122.2894632,347.6641429,9,0.222222222
1066,techfrogin,2,Tourist,"New Delhi, Delhi",1,456.7840075,911.032845,529,0.286356822
1067,rahulmpf,2,Resident,muzaffarpur(bihar),2,123.4719195,290.0542755,8,1.192307692
1068,Ravisagar_07,2,Tourist,"Loni, Ghaziabad",2,601.8389669,2215.362254,35,0.112359551
1069,ajaykumarvermaJ,2,Resident,Delhi,1,7.485279725,16.3040508,0,1.714285714
1070,Aadharshila01,2,None,"sector 2 faridabad, Sector-3 , Ballabgarh 121004",2,1.562547388,5.367929661,0,0.008695652
1071,nazrana_zaike_,2,Error,India,2,905.4547306,2931.670748,25,0.488888889
1072,gluedtofood,2,None,Udaipur,2,303.4417379,1469.814157,37,0.010928962
1073,ash_talks,2,Tourist,"Mumbai, India",2,581.1931258,1986.841133,376,0.00355366
1074,Padam1513,2,Tourist,New Delhi,1,0.10559815,0.558772886,0,0.933333333
1075,im_musafirr,2,Tourist,DELHI,1,43.24898464,110.720923,20,1.25
1076,GraphicalShark,2,Resident,"New Delhi, India",1,2.957146071,5.844342561,0,0.666666667
1077,ChetanCk,2,Tourist,Gurgaon,1,3.107045088,4.666792031,0,0.025806452
1078,Brownbag_in,2,Resident,"New Delhi, India",1,5.219402445,4.747323746,0,0.090909091
1079,HimanshuDave19,2,Tourist,"Rajasthan, India",2,59.70741732,189.2586617,64,0.042435424
1080,manish_cric,2,Resident,"Delhi, India",1,41.35193906,76.63532647,2,2
1081,harindersrana,2,Tourist,New Delhi,1,379.3893691,1259.731891,24,0.508474576
1082,hariomtiwari660,2,Resident,"Gaya, India",2,242.2256993,391.4235299,6,2.666666667
1083,Jitender9730783,2,None,"Sector 8, Faridabad??????",2,0,0,0,
1084,shwetadas9560,2,Tourist,New delhi,1,4.795146649,4.53554119,0,0.866666667
1085,Lokesha25571089,2,Tourist,Gurgaon,1,68.4701784,222.4451462,61,0.307971014
1086,satishk,2,Tourist,"Bombay, India",2,67.13318985,253.375014,3,0.05
1087,Mudgal12,2,Resident,India,2,1.466706584,2.036469784,0,2.5
1088,kannu225,2,None,india,2,7.512745995,8.436320929,0,
1089,vvaidofficial,2,Resident,"New Delhi , India",1,1.239937018,2.671085954,0,
1090,bhairav3,2,Tourist,"New Delhi, India",1,64.05015249,191.4279809,24,1.110091743
1091,stylintellect,2,Resident,"New Delhi,India",1,148.2649959,349.484289,79,2.287356322
1092,ashishghosh2,2,None,dalhi,1,46.88916373,79.88282544,5,0.047619048
1093,luckyishere123,2,None,Faridabad,1,60.96798642,425.8784556,1,1.870967742
1094,pankajjangid249,2,Error,"Faridabad, India",1,0,0,0,
1095,DivinaFoundati1,2,Tourist,"New Delhi, India",1,221.1021646,373.8139308,23,1.870967742
1096,ShristiShree,2,None,"Sonipat, India",2,54.8735704,197.5492684,1,
1097,Ramjigupta_Gu1,2,None,Sultanpur Uttar Pradesh 227805,2,0,0,0,
1098,ipsoberoi,2,Error,"Gurgaon , New delhi , India ",2,0,nan,0,
1099,mr_MeenaJi176,2,None,???????? ,2,90.93676717,98.48346421,50,
1100,mrdeepakgupta16,2,None,"Surat Nagar, Gurgaon",2,1.263790689,1.766172889,0,
1101,Abhijeet_Roy__,2,Tourist,"New Delhi, India",1,836.5177841,1559.582739,47,0.977272727
1102,ArunThakur_,2,None,"Ghaziabad, India",1,140.3241788,302.8002487,8,0.166666667
1103,Sachinv06525435,2,Resident,"New Delhi, India",1,4324.343224,7360.275276,2,1.666666667
1104,yefindia,2,Resident,"Vasant Kunj, New Delhi",1,0,0,0,
1105,m_Asmakhan,2,Resident,"New Delhi, India",1,16.1552631,105.7746048,8,18.23809524
1106,dailyglacier,2,None,"Cryosphere, Earth",2,6421.651189,4769.125252,2006,
1107,DelhiNowMagz,2,Resident,DELHI,1,77.66487308,725.4011767,67,1.652173913
1108,photoshaala,2,Tourist,"New Delhi, India",1,143.5371583,300.1528939,17,0.928571429
1109,manishseth,2,Resident,"New Delhi , India",1,349.2972744,1496.553026,145,2.559139785
1110,SakshiS63515602,2,None,"New Delhi, India",1,5.268552559,7.326227644,0,6
1111,jetleypggirls,2,Resident,"Greater Kailash-1, New Delhi.",1,0.170578801,1.274894443,0,114
1112,raviprakashca,2,Tourist,"New Delhi,Bihar, India.",2,159.2436372,308.7517006,23,0.022058824
1113,gazang_sabya,2,None,"Nagaon, Assam, India",2,866.8562171,668.3450167,1051,0.342019544
1114,HarenderNegi,2,Resident,"New Delhi, India",1,0,nan,0,
1115,sant_osh_singh,2,Resident,"New Delhi, India",1,5.258928793,7.437248422,0,2
1116,cfbyvikas,2,Resident,Delhi ,1,0,0,0,
1117,Antarazandc,2,Tourist,Gurgaon,1,287.0589976,1230.032802,120,0.007462687
1118,DharmveerArya8,2,None,"Maharajganj, India",2,1.556135362,2.398079709,0,
1119,Miyabhai_9591,2,None,"New Delhi, India",1,138.3902189,285.1090374,20,0.183098592
1120,beingrahuldev,2,Resident,"India, New Delhi",1,100.9314718,522.1117424,25,2.630434783
1121,kundu8977,2,Resident,"New Delhi, India",1,551.9514777,1672.61549,29,5.794117647
1122,Prerna98765,2,Resident,"New Delhi, India",1,12.04520732,69.83801617,4,41.66666667
1123,CosmeticDelhi,2,Error,"C R Park New Delhi , India",1,5.15227226,7.312357073,0,11
1124,SahilJohari,2,Resident,"Delhi, India",1,73.93104388,174.7803105,4,2.833333333
1125,SafeerSa7319747,2,None,"Uttar Pradesh, India",2,2.169438891,3.143102823,0,
1126,RiderboySmazz,2,Tourist,new delhi,1,86.44819521,158.2287063,4,0.909090909
1127,omsbishnoi,2,None,"Rajasthan, India",2,338.6427607,565.2654686,202,0.003565062
1128,sethsanjana,2,Tourist,New Delhi,1,4.685549459,9.209556348,0,0.134615385
1129,nagarsb,2,None,kota rajasthan,2,4.174383054,16.06827459,0,
1130,VivekKu71129488,2,None,"Agra, India",2,1.699628321,12.40831884,0,
1131,finelineartacad,2,None,"New Delhi, India",1,142.7875263,328.8373577,10,
1132,charlizzie,2,Tourist,"Cavite, Philippines",2,4000.816842,5167.215278,309,0.006134969
1133,nn_aamir,2,Resident,"New Delhi, India",1,0.351594068,nan,0,
1134,satish327,2,Resident,New Delhi India,1,3.842281875,14.12210736,2,87.83333333
1135,SPwellnesscoach,2,Resident,"New Delhi, India",1,0.805440654,3.258891306,0,27.5
1136,Chefabhishekg,2,Tourist,"Gurgaon, India",1,767.2203194,2123.070498,91,0.047318612
1137,Attire_KunalSid,2,Error,Falagship Store In Pitam Pura.,1,0.04140025,0.271938726,0,
1138,KuldeepInnocen3,2,None,"Gurgaon, India",1,26.89487612,110.1821366,2,
1139,imohit_official,2,Tourist,"Ghaziabad(Uttar Pradesh),India",2,61.55013951,190.5496257,12,0.28125
1140,simmisakhuja,2,Tourist,Mumbai,2,826.4490431,2863.562549,101,0.273786408
1141,deepakvcreative,2,Resident,"Delhi, India",1,7.251695556,11.19281028,0,1.24137931
1142,geolocationms,2,None,"Warsaw, Poland",2,4376.406294,5775.635474,1616,
1143,VijaySainiAlio1,2,None,"New Delhi, Delhi",1,7.889243648,26.67306138,1,0.142857143
1144,nikikhattar,2,Resident,"Delhi, India",1,746.832768,2060.642901,74,1.423076923
1145,Pacificvic,2,Tourist,"New Delhi, India",1,199.5694306,268.4251727,22,0.432432432
1146,buttertubsoap,2,Error,India,1,0.110692786,0.606289358,0,30
1147,CharlesBurd,2,Resident,New York & New Delhi,1,1916.276502,4239.444323,20,1.464285714
1148,Sateesh_sarma,2,None,kodad India ,2,168.328278,226.6342782,15,
1149,ImSinghjadon,2,Tourist,New Delhi,1,42.96773043,89.90198503,45,0.117647059
1150,kjhavats,2,Tourist,"New Delhi, India",1,626.5607022,511.6371805,2,0.333333333
1151,arifansarimoin,2,None,ARIF RUGS,1,0.437397727,1.010620041,0,
1152,JaneAlamTurk,2,Error,"New Delhi, India",1,35.06604977,58.58263618,1,
1153,naharsingh2020,2,None,"Ghaziabad, India",1,29.87802447,51.8554283,4,
1154,AYUSHIji86,2,None,Gurgaon Haryana,1,136.2958972,370.0897227,1,
1155,JeesanUsmani,2,Tourist,"Mathura, India",2,1705.587805,4575.957424,17,0.352941176
1156,Happinessmyway,2,Error,"Delhi, India ",1,0,0,0,
1157,Fromanotherealm,2,None,"Vancouver, British Columbia",2,2482.453365,4029.294037,357,
1158,RoyalBagri92,2,None,"Jaipur, India",2,161.5968849,658.0797866,100,
1159,abdivya123456,2,Error,"Lucknow, India",2,487.9491955,482.7532812,21,0.071428571
1160,rollyanand,2,Tourist,Gurgaon,2,127.6906951,370.3614058,18,0.031007752
1161,MishraShweta8,2,Resident,New Delhi,1,9.992790621,62.11896024,2,15.625
1162,sanjaydey2001,2,Resident,New Delhi,1,0.458574592,0.772823228,0,
1163,iamkushmusic,2,Resident,"New Delhi, India",1,7.788262417,27.91889062,2,1.666666667
1164,SunarJewels,2,Error,"Bank Street, Karol Bagh, Delhi",1,0.002602326,nan,0,
1165,Shreyascoll,2,None,"Sitarganj, India",2,1.517895578,13.84609989,2,
1166,imranahaan,2,None,"Bengaluru, India",2,5941.293442,4581.763126,855,0.006500542
1167,MahipalMehra10,2,Tourist,"New Delhi, India",1,8.18446239,8.500647411,0,0.5
1168,AkashJayKashyap,2,Resident,"New Delhi, India",1,337.591581,754.4903158,52,0.397849462
1169,Deepanjal96,2,Resident,Delhi,1,1960.801979,4032.926285,31,2.964285714
1170,handasumit,2,Tourist,Delhi,1,116.0507641,150.6935311,7,0.8
1171,chaaicoffee,2,Tourist,"New Delhi, India",1,650.2263202,1229.185612,63,0.296296296
1172,511Deshdeepak,2,Tourist,"New Delhi, India",1,4.353080268,22.30213638,1,0.08
1173,shivamshakya128,2,Tourist,Bangra ( jalaun ),2,140.3114233,406.4600864,42,0.072727273
1174,parvezrockstar,2,Tourist,"New Delhi, India",1,164.4181689,737.5357832,4,1.181818182
1175,amitsingh9115,2,Resident,RAEBARELI U. P.,2,4.603766496,5.184553226,0,4.357142857
1176,Avinash85574184,2,Tourist,"Uttar Pradesh, India",2,156.8625166,362.2988003,10,0.333333333
1177,Fascinateweb,2,Error,"New Delhi, India",1,1.46827724,2.936554481,0,0.666666667
1178,BRCMES,2,None,"Bhiwani, Haryana",1,264.3604528,1410.407051,14,
1179,CrazyRage92,2,Resident,"New Delhi, India",1,17.18446961,64.27778719,2,6.555555556
1180,PankajY33284340,2,Resident,"Ghaziabad, India",2,125.1974786,193.2763159,6,2.5
1181,DeepakCh9708645,2,Resident,"Karol Bagh, New Delhi",1,53.59671384,195.0840302,45,1.74611399
1182,dheerajbhandari,2,Tourist,india,1,596.2566509,798.1225748,180,0.270042194
1183,soulamit,2,Resident,New Delhi India,1,81.73156598,411.0158235,49,1.605577689
1184,jischaab,2,None,Ciudad Autnoma de Buenos Aire,2,2187.698992,4462.086279,876,
1185,avibhardwaz,2,Tourist,"New Delhi, India",1,6.321196815,6.954886638,0,1.583333333
1186,Imprince75,2,None,Rewari,2,54.20467004,51.46244607,6,
1187,gymnastdeepesh,2,Resident,"New Delhi, India",1,32.05392901,77.62226284,6,5.714285714
1188,mrrahul057,2,Error,"New Delhi, India",1,0,nan,0,
1189,MOHDVASEEM0786,2,None,"Noida, India",1,12.98192661,30.24838361,1,0.040816327
1190,Hochwertigdecor,2,None,"Gurgaon, India",1,0.392619956,1.350253231,0,
1191,GreensFlorist,2,Resident,New Delhi India,1,2.16523578,12.83387985,0,49.5
1192,PeehuChoudhary5,2,Tourist,"New Delhi, India",1,14.68398557,35.54872328,5,0.84
1193,atul_official01,2,None,"Gurgaon, India",1,26.19813039,76.31523298,12,0.036697248
1194,Sunsha29,2,None,sanchore,2,0,0,0,
1195,iamstylevink,2,Tourist,"?? ??????, ????",1,6.340319748,6.965880881,0,1.571428571
1196,DiggajDharam,2,Tourist,"New Delhi, India",1,525.1536983,1268.475321,64,0.580357143
1197,DRFbydevpanwar,2,Tourist,"New Delhi, India",1,279.2073156,906.3161318,173,0.538317757
1198,drmayurjain,2,Tourist,"New Delhi, India",1,120.3290439,481.6292149,10,0.168316832
1199,topindiatrips,2,Tourist,"Delhi, India",1,556.6857283,515.0194271,79,0.479452055
1200,navtejm,2,None,Gurgaon,2,266.7971775,483.3158035,78,0.021164021
1201,MohdZeeshan109,2,Tourist,"New Friends Colony, New Delhi",1,2422.332922,4714.411933,37,0.172043011
1202,trip_any,2,Resident,"New Delhi, India",1,1.163709274,2.740223637,0,27.25
1203,Payelbha,2,Tourist,"Delhi, India",1,7.462224792,9.251192991,0,0.538461538
1204,Pk36Gupta,2,Tourist,"Delhi Cantonment, New Delhi",1,278.2130997,515.9471332,8,0.909090909
1205,ravinderbped,2,None,"Greater Noida, India",1,19.65709418,20.32486915,0,0.166666667
1206,AliMujhtaba4,2,Error,"Hyderabad, India",2,9.732730051,14.89851479,0,
1207,pradeepgidwani,2,Tourist,"New Delhi, India",1,633.0634492,1985.470354,51,0.025089606
1208,anubabs,2,Tourist,"Gurgaon, Haryana",1,187.6727539,336.4342313,12,0.222222222
1209,shantiwellnessc,2,Resident,"Sheikh Sarai, New Delhi",1,0,0,0,
1210,sukaina1422,2,Tourist,India,2,1254.719826,3320.018189,61,3.716666667
1211,DWBhukkad,2,Resident,"New Delhi, India",1,82.95901764,363.1557776,15,1.21641791
1212,snnaveet401,2,Tourist,"New Delhi, India",1,188.9138414,395.6564079,594,0.318518519
1213,justin_aryan12,2,None,"Ratangarh,Rajsthan,india",2,2074.83797,3652.69337,27,0.03030303
1214,devdootfoodbank,2,Error,"????????, ????",2,0,0,0,
1215,maxfoods,2,Tourist,New Delhi,1,1399.354797,3556.461932,43,0.384615385
1216,SharmajiAnuj1,2,Resident,"New Delhi, India",1,98.27859675,192.0924158,11,
1217,amitdadwal07,2,Tourist,"New Delhi, Delhi",1,48.30110019,222.5798174,2,0.081632653
1218,Amarnathhawkin2,2,Resident,"New Delhi, India",1,106.9107136,297.3066064,7,1
1219,delhi_marketing,2,None,"New Delhi, India",1,0.098558095,0.802572276,0,0.002222222
1220,UttarakhandHeav,2,Tourist,Uttarakhand,2,560.2629928,2160.833454,637,0.059384942
1221,asliSHANKAR,2,Tourist,"??????, ??????? (????) ????",2,150.0924141,1149.799725,16,0.038626609
1222,SHANKAR05031997,2,Resident,"India Gate, New Delhi",1,95.03529433,265.104019,4,3.166666667
1223,sandeepy23,2,Resident,saket new delhi,1,0.368851865,1.709609291,0,45
1224,AvanieSJoshi,2,Tourist,Mumbai,2,330.8360179,737.0484442,34,0.9
1225,Deepans32136753,2,None,"Bayanpur, Sonipat",2,0.022530824,0.10567893,0,
1226,vanshsharma8532,2,None,"Ghaziabad, India",1,29.70655633,44.82164846,1,
1227,chefdmsbajaj,2,Resident,Gurgaon ,1,152.8503988,959.483603,41,0.980769231
1228,shivamsharmaav,2,Tourist,"New Delhi, India",1,11.53983929,5.799842421,0,0.285714286
1229,SolivFlaneur,2,Tourist,"New Delhi, India",1,2879.285486,3257.410008,56,0.055555556
1230,flyplanett,2,None,"New Delhi, India",1,1238.186312,2883.321718,168,0.157894737
1231,ipandualex,2,None,"Hyderabad, India",2,713.0814186,2845.765403,14,
1232,SandeepRanaEnt,2,Tourist,"Delhi, India",1,34.86481994,128.9262031,20,1.243902439
1233,ArogyaYogshala,2,Tourist,"New Delhi, India",1,95.06490123,220.0275235,27,0.368421053
1234,Parammlp,2,Resident,"New Delhi, India",1,151.3387023,1018.457016,80,4.296610169
1235,jyotiarora89,2,Resident,New Delhi,1,190.3599702,648.6152668,27,2.808510638
1236,bootscrampons,2,Tourist,"New Delhi, India ",1,784.6421864,921.9144134,35,0.290322581
1237,salpurainc,2,None,"Kota, India",2,259.4401549,338.097256,3,
1238,Umangmishra23,2,None,"Gurgaon, India",1,275.954962,555.4218989,14,
1239,SawhneyFoundat1,2,None,"Vasant Kunj, New Delhi",1,0,0,0,
1240,errajeevkaushik,2,None,"Hisar, India",2,6.045874507,30.05304479,4,
1241,amehta0530,2,Resident,"New Delhi, India",1,199.0390252,364.2188414,8,2.5
1242,ItszHimanshu,2,Resident,"New Delhi, India",1,4.861410629,8.420210206,0,3
1243,vips_clicks,2,Tourist,"Indore, Madhya Pradesh",2,310.5349335,393.9418525,738,0.03539823
1244,Waritthira,2,Resident,Mumbai,2,612.7632785,1793.229992,61,1.571428571
1245,Danishsood12,2,None,"Mumbai, India",2,2411.037445,4128.778278,9,0.02
1246,puneetrai86,2,Tourist,"Mississauga, Ontario",2,1164.996086,3205.232426,8,1.037974684
1247,SaudaminiKumar,2,Tourist,India,2,940.0350595,2125.359593,42,
1248,mlpindia,1,Resident,"East of Kailash, New Delhi",1,17.11075199,64.33659562,6,14.85714286
